RecordID,CRIM,ZN,INDUS,CHAS,NOX,RM,AGE,DIS,RAD,TAX,PTRATIO,B,LSTAT,MEDV,LeverageDistance,LeverageCutoff,LeverageFlag,MedianRegressionPrediction,MedianRegressionResidual,ResidualRobustZ,ResidualZCutoff,ResponseOutlierFlag,OutlierClass
1,0.006320,18.000000,2.310000,0,0.538000,6.575000,65.200000,4.090000,1,296,15.300000,396.900000,4.980000,24.000000,4.197838,4.830804,False,28.606608,-4.606608,1.487646,3.500000,False,Regular
2,0.027310,0.000000,7.070000,0,0.469000,6.421000,78.900000,4.967100,2,242,17.800000,396.900000,9.140000,21.600000,2.370487,4.830804,False,24.112701,-2.512701,0.811445,3.500000,False,Regular
3,0.027290,0.000000,7.070000,0,0.469000,7.185000,61.100000,4.967100,2,242,17.800000,392.830000,4.030000,34.700000,2.623878,4.830804,False,29.854074,4.845926,1.564930,3.500000,False,Regular
4,0.032370,0.000000,2.180000,0,0.458000,6.998000,45.800000,6.062200,3,222,18.700000,394.630000,2.940000,33.400000,3.069657,4.830804,False,28.243625,5.156375,1.665186,3.500000,False,Regular
5,0.069050,0.000000,2.180000,0,0.458000,7.147000,54.200000,6.062200,3,222,18.700000,396.900000,5.330000,36.200000,3.094968,4.830804,False,27.931137,8.268863,2.670325,3.500000,False,Regular
6,0.029850,0.000000,2.180000,0,0.458000,6.430000,58.700000,6.062200,3,222,18.700000,394.120000,5.210000,28.700000,2.892404,4.830804,False,24.524990,4.175010,1.348266,3.500000,False,Regular
7,0.088290,12.500000,7.870000,0,0.524000,6.012000,66.600000,5.560500,5,311,15.200000,395.600000,12.430000,22.900000,3.524569,4.830804,False,22.314085,0.585915,0.189214,3.500000,False,Regular
8,0.144550,12.500000,7.870000,0,0.524000,6.172000,96.100000,5.950500,5,311,15.200000,396.900000,19.150000,27.100000,4.625724,4.830804,False,19.700716,7.399284,2.389505,3.500000,False,Regular
9,0.211240,12.500000,7.870000,0,0.524000,5.631000,100.000000,6.082100,5,311,15.200000,386.630000,29.930000,16.500000,6.297837,4.830804,True,13.107852,3.392148,1.095451,3.500000,False,Leverage only
10,0.170040,12.500000,7.870000,0,0.524000,6.004000,85.900000,6.592100,5,311,15.200000,386.710000,17.100000,18.900000,4.662985,4.830804,False,19.150047,-0.250047,0.080749,3.500000,False,Regular
11,0.224890,12.500000,7.870000,0,0.524000,6.377000,94.300000,6.346700,5,311,15.200000,392.520000,20.450000,15.000000,5.025087,4.830804,True,19.806427,-4.806427,1.552175,3.500000,False,Leverage only
12,0.117470,12.500000,7.870000,0,0.524000,6.009000,82.900000,6.226700,5,311,15.200000,396.900000,13.270000,18.900000,4.288589,4.830804,False,20.984376,-2.084376,0.673123,3.500000,False,Regular
13,0.093780,12.500000,7.870000,0,0.524000,5.889000,39.000000,5.450900,5,311,15.200000,390.500000,15.710000,21.700000,3.828972,4.830804,False,21.208202,0.491798,0.158820,3.500000,False,Regular
14,0.629760,0.000000,8.140000,0,0.538000,5.949000,61.800000,4.707500,4,307,21.000000,396.900000,8.260000,20.400000,2.632042,4.830804,False,18.961087,1.438913,0.464679,3.500000,False,Regular
15,0.637960,0.000000,8.140000,0,0.538000,6.096000,84.500000,4.461900,4,307,21.000000,380.020000,10.260000,18.200000,2.496847,4.830804,False,18.770981,-0.570981,0.184391,3.500000,False,Regular
16,0.627390,0.000000,8.140000,0,0.538000,5.834000,56.500000,4.498600,4,307,21.000000,395.620000,8.470000,19.900000,2.616071,4.830804,False,18.667857,1.232143,0.397905,3.500000,False,Regular
17,1.053930,0.000000,8.140000,0,0.538000,5.935000,29.300000,4.498600,4,307,21.000000,386.850000,6.580000,23.100000,3.384810,4.830804,False,20.273940,2.826060,0.912640,3.500000,False,Regular
18,0.784200,0.000000,8.140000,0,0.538000,5.990000,81.700000,4.257900,4,307,21.000000,386.750000,14.670000,17.500000,2.143877,4.830804,False,16.956666,0.543334,0.175463,3.500000,False,Regular
19,0.802710,0.000000,8.140000,0,0.538000,5.456000,36.600000,3.796500,4,307,21.000000,288.990000,11.690000,20.200000,3.134838,4.830804,False,16.845325,3.354675,1.083350,3.500000,False,Regular
20,0.725800,0.000000,8.140000,0,0.538000,5.727000,69.500000,3.796500,4,307,21.000000,390.950000,11.280000,18.200000,2.260342,4.830804,False,17.651881,0.548119,0.177008,3.500000,False,Regular
21,1.251790,0.000000,8.140000,0,0.538000,5.570000,98.100000,3.797900,4,307,21.000000,376.570000,21.020000,13.600000,2.946077,4.830804,False,12.845068,0.754932,0.243796,3.500000,False,Regular
22,0.852040,0.000000,8.140000,0,0.538000,5.965000,89.200000,4.012300,4,307,21.000000,392.530000,13.830000,19.600000,2.229336,4.830804,False,17.247194,2.352806,0.759809,3.500000,False,Regular
23,1.232470,0.000000,8.140000,0,0.538000,6.142000,91.700000,3.976900,4,307,21.000000,396.900000,18.720000,15.200000,2.677184,4.830804,False,16.283518,-1.083518,0.349908,3.500000,False,Regular
24,0.988430,0.000000,8.140000,0,0.538000,5.813000,100.000000,4.095200,4,307,21.000000,394.540000,19.880000,14.500000,2.858467,4.830804,False,14.074512,0.425488,0.137406,3.500000,False,Regular
25,0.750260,0.000000,8.140000,0,0.538000,5.924000,94.100000,4.399600,4,307,21.000000,394.330000,16.300000,15.600000,2.501269,4.830804,False,15.687356,-0.087356,0.028210,3.500000,False,Regular
26,0.840540,0.000000,8.140000,0,0.538000,5.599000,85.700000,4.454600,4,307,21.000000,303.420000,16.510000,13.900000,2.460796,4.830804,False,14.174953,-0.274953,0.088792,3.500000,False,Regular
27,0.671910,0.000000,8.140000,0,0.538000,5.813000,90.300000,4.682000,4,307,21.000000,376.880000,14.810000,16.600000,2.542197,4.830804,False,15.477999,1.122001,0.362336,3.500000,False,Regular
28,0.955770,0.000000,8.140000,0,0.538000,6.047000,88.800000,4.453400,4,307,21.000000,306.380000,17.280000,14.800000,2.521004,4.830804,False,15.934259,-1.134259,0.366295,3.500000,False,Regular
29,0.772990,0.000000,8.140000,0,0.538000,6.495000,94.400000,4.454700,4,307,21.000000,387.940000,12.800000,18.400000,2.637684,4.830804,False,19.546543,-1.146543,0.370262,3.500000,False,Regular
30,1.002450,0.000000,8.140000,0,0.538000,6.674000,87.300000,4.239000,4,307,21.000000,380.230000,11.980000,21.000000,2.538241,4.830804,False,21.012301,-0.012301,0.003972,3.500000,False,Regular
31,1.130810,0.000000,8.140000,0,0.538000,5.713000,94.100000,4.233000,4,307,21.000000,360.170000,22.600000,12.700000,3.226178,4.830804,False,12.586005,0.113995,0.036813,3.500000,False,Regular
32,1.354720,0.000000,8.140000,0,0.538000,6.072000,100.000000,4.175000,4,307,21.000000,376.730000,13.040000,14.500000,2.705359,4.830804,False,17.590246,-3.090246,0.997956,3.500000,False,Regular
33,1.387990,0.000000,8.140000,0,0.538000,5.950000,82.000000,3.990000,4,307,21.000000,232.600000,27.710000,13.200000,4.762515,4.830804,False,12.337574,0.862426,0.278509,3.500000,False,Regular
34,1.151720,0.000000,8.140000,0,0.538000,5.701000,95.000000,3.787200,4,307,21.000000,358.770000,18.350000,13.100000,2.565007,4.830804,False,14.491707,-1.391707,0.449434,3.500000,False,Regular
35,1.612820,0.000000,8.140000,0,0.538000,6.096000,96.900000,3.759800,4,307,21.000000,248.310000,20.340000,13.500000,2.931986,4.830804,False,15.575100,-2.075100,0.670127,3.500000,False,Regular
36,0.064170,0.000000,5.960000,0,0.499000,5.933000,68.200000,3.360300,5,279,19.200000,396.900000,9.680000,18.900000,2.098450,4.830804,False,22.131665,-3.231665,1.043625,3.500000,False,Regular
37,0.097440,0.000000,5.960000,0,0.499000,5.841000,61.400000,3.377900,5,279,19.200000,377.560000,11.410000,20.000000,2.096989,4.830804,False,21.190567,-1.190567,0.384479,3.500000,False,Regular
38,0.080140,0.000000,5.960000,0,0.499000,5.850000,41.500000,3.934200,5,279,19.200000,396.900000,8.770000,21.000000,2.159230,4.830804,False,21.960244,-0.960244,0.310099,3.500000,False,Regular
39,0.175050,0.000000,5.960000,0,0.499000,5.966000,30.200000,3.847300,5,279,19.200000,393.430000,10.130000,24.700000,2.569675,4.830804,False,22.315721,2.384279,0.769973,3.500000,False,Regular
40,0.027630,75.000000,2.950000,0,0.428000,6.595000,21.800000,5.401100,3,252,18.300000,395.630000,4.320000,30.800000,7.222799,4.830804,True,30.417042,0.382958,0.123672,3.500000,False,Leverage only
41,0.033590,75.000000,2.950000,0,0.428000,7.024000,15.800000,5.401100,3,252,18.300000,395.620000,1.980000,34.900000,7.285164,4.830804,True,33.376576,1.523424,0.491971,3.500000,False,Leverage only
42,0.127440,0.000000,6.910000,0,0.448000,6.770000,2.900000,5.720900,3,233,17.900000,385.410000,4.840000,26.600000,3.473384,4.830804,False,28.345208,-1.745208,0.563593,3.500000,False,Regular
43,0.141500,0.000000,6.910000,0,0.448000,6.169000,6.600000,5.720900,3,233,17.900000,383.370000,5.810000,25.300000,3.111034,4.830804,False,25.105205,0.194795,0.062906,3.500000,False,Regular
44,0.159360,0.000000,6.910000,0,0.448000,6.211000,6.500000,5.720900,3,233,17.900000,394.460000,7.440000,24.700000,3.146251,4.830804,False,24.723104,-0.023104,0.007461,3.500000,False,Regular
45,0.122690,0.000000,6.910000,0,0.448000,6.069000,40.000000,5.720900,3,233,17.900000,389.390000,9.550000,21.200000,2.190312,4.830804,False,22.677593,-1.477593,0.477170,3.500000,False,Regular
46,0.171420,0.000000,6.910000,0,0.448000,5.682000,33.800000,5.100400,3,233,17.900000,396.900000,10.210000,19.300000,2.468088,4.830804,False,21.392848,-2.092848,0.675859,3.500000,False,Regular
47,0.188360,0.000000,6.910000,0,0.448000,5.786000,33.300000,5.100400,3,233,17.900000,396.900000,14.150000,20.000000,2.734423,4.830804,False,20.489100,-0.489100,0.157949,3.500000,False,Regular
48,0.229270,0.000000,6.910000,0,0.448000,6.030000,85.500000,5.689400,3,233,17.900000,392.740000,18.800000,16.600000,3.530340,4.830804,False,18.367792,-1.767792,0.570886,3.500000,False,Regular
49,0.253870,0.000000,6.910000,0,0.448000,5.399000,95.300000,5.870000,3,233,17.900000,396.900000,30.810000,14.400000,5.950410,4.830804,True,10.757040,3.642960,1.176448,3.500000,False,Leverage only
50,0.219770,0.000000,6.910000,0,0.448000,5.602000,62.000000,6.087700,3,233,17.900000,396.900000,16.200000,19.400000,3.011256,4.830804,False,17.304462,2.095538,0.676727,3.500000,False,Regular
51,0.088730,21.000000,5.640000,0,0.439000,5.963000,45.700000,6.814700,4,243,16.800000,395.560000,13.450000,19.700000,2.576281,4.830804,False,21.425163,-1.725163,0.557120,3.500000,False,Regular
52,0.043370,21.000000,5.640000,0,0.439000,6.115000,63.000000,6.814700,4,243,16.800000,393.970000,9.430000,20.500000,2.793974,4.830804,False,23.246033,-2.746033,0.886797,3.500000,False,Regular
53,0.053600,21.000000,5.640000,0,0.439000,6.511000,21.100000,6.814700,4,243,16.800000,396.900000,5.280000,25.000000,2.322728,4.830804,False,27.371801,-2.371801,0.765943,3.500000,False,Regular
54,0.049810,21.000000,5.640000,0,0.439000,5.998000,21.400000,6.814700,4,243,16.800000,396.900000,8.430000,23.400000,2.441487,4.830804,False,23.837366,-0.437366,0.141242,3.500000,False,Regular
55,0.013600,75.000000,4.000000,0,0.410000,5.888000,47.600000,7.319700,3,469,21.100000,396.900000,14.800000,18.900000,8.092979,4.830804,True,16.425101,2.474899,0.799237,3.500000,False,Leverage only
56,0.013110,90.000000,1.220000,0,0.403000,7.249000,21.900000,8.696600,5,226,17.900000,395.930000,4.810000,35.400000,7.879109,4.830804,True,31.668142,3.731858,1.205156,3.500000,False,Leverage only
57,0.020550,85.000000,0.740000,0,0.410000,6.383000,35.700000,9.187600,2,313,17.300000,396.900000,5.770000,24.700000,6.460214,4.830804,True,25.193871,-0.493871,0.159489,3.500000,False,Leverage only
58,0.014320,100.000000,1.320000,0,0.411000,6.816000,40.500000,8.324800,5,256,15.100000,392.900000,3.950000,31.600000,8.039800,4.830804,True,32.212419,-0.612419,0.197773,3.500000,False,Leverage only
59,0.154450,25.000000,5.130000,0,0.453000,6.145000,29.200000,7.814800,8,284,19.700000,390.680000,6.860000,23.300000,3.317870,4.830804,False,21.750061,1.549939,0.500533,3.500000,False,Regular
60,0.103280,25.000000,5.130000,0,0.453000,5.927000,47.200000,6.932000,8,284,19.700000,396.900000,9.220000,19.600000,3.196012,4.830804,False,20.488194,-0.888194,0.286831,3.500000,False,Regular
61,0.149320,25.000000,5.130000,0,0.453000,5.741000,66.200000,7.225400,8,284,19.700000,395.110000,13.150000,18.700000,3.671204,4.830804,False,17.542467,1.157533,0.373811,3.500000,False,Regular
62,0.171710,25.000000,5.130000,0,0.453000,5.966000,93.400000,6.818500,8,284,19.700000,378.080000,14.440000,16.000000,4.381875,4.830804,False,18.054924,-2.054924,0.663612,3.500000,False,Regular
63,0.110270,25.000000,5.130000,0,0.453000,6.456000,67.800000,7.225500,8,284,19.700000,396.900000,6.730000,22.200000,3.646290,4.830804,False,23.157019,-0.957019,0.309057,3.500000,False,Regular
64,0.126500,25.000000,5.130000,0,0.453000,6.762000,43.400000,7.980900,8,284,19.700000,395.580000,9.500000,25.000000,3.638499,4.830804,False,23.270249,1.729751,0.558601,3.500000,False,Regular
65,0.019510,17.500000,1.380000,0,0.416100,7.104000,59.500000,9.222900,3,216,18.600000,393.240000,8.050000,33.000000,4.802325,4.830804,False,24.673918,8.326082,2.688803,3.500000,False,Regular
66,0.035840,80.000000,3.370000,0,0.398000,6.290000,17.800000,6.611500,4,337,16.100000,396.900000,4.670000,23.500000,6.025578,4.830804,True,29.217033,-5.717033,1.846243,3.500000,False,Leverage only
67,0.043790,80.000000,3.370000,0,0.398000,5.787000,31.100000,6.611500,4,337,16.100000,396.900000,10.240000,19.400000,6.224727,4.830804,True,24.622579,-5.222579,1.686566,3.500000,False,Leverage only
68,0.057890,12.500000,6.070000,0,0.409000,5.878000,21.400000,6.498000,4,345,18.900000,396.210000,8.100000,22.000000,3.256657,4.830804,False,20.923906,1.076094,0.347511,3.500000,False,Regular
69,0.135540,12.500000,6.070000,0,0.409000,5.594000,36.800000,6.498000,4,345,18.900000,396.900000,13.090000,17.400000,3.240411,4.830804,False,17.515857,-0.115857,0.037415,3.500000,False,Regular
70,0.128160,12.500000,6.070000,0,0.409000,5.885000,33.000000,6.498000,4,345,18.900000,396.900000,8.790000,20.900000,3.111438,4.830804,False,20.483408,0.416592,0.134533,3.500000,False,Regular
71,0.088260,0.000000,10.810000,0,0.413000,6.417000,6.600000,5.287300,4,305,19.200000,383.730000,6.720000,24.200000,3.490532,4.830804,False,25.196533,-0.996533,0.321818,3.500000,False,Regular
72,0.158760,0.000000,10.810000,0,0.413000,5.961000,17.500000,5.287300,4,305,19.200000,376.940000,9.880000,21.700000,3.105012,4.830804,False,21.716479,-0.016479,0.005322,3.500000,False,Regular
73,0.091640,0.000000,10.810000,0,0.413000,6.065000,7.800000,5.287300,4,305,19.200000,390.910000,5.520000,22.800000,3.383956,4.830804,False,23.945915,-1.145915,0.370059,3.500000,False,Regular
74,0.195390,0.000000,10.810000,0,0.413000,6.245000,6.200000,5.287300,4,305,19.200000,377.170000,7.540000,23.400000,3.465967,4.830804,False,24.091083,-0.691083,0.223177,3.500000,False,Regular
75,0.078960,0.000000,12.830000,0,0.437000,6.273000,6.000000,4.251500,5,398,18.700000,394.920000,6.780000,24.100000,4.042215,4.830804,False,24.882628,-0.782628,0.252740,3.500000,False,Regular
76,0.095120,0.000000,12.830000,0,0.437000,6.286000,45.000000,4.502600,5,398,18.700000,383.230000,8.940000,21.400000,3.115160,4.830804,False,23.171047,-1.771047,0.571937,3.500000,False,Regular
77,0.101530,0.000000,12.830000,0,0.437000,6.279000,74.500000,4.052200,5,398,18.700000,373.660000,11.970000,20.000000,3.259278,4.830804,False,21.979967,-1.979967,0.639405,3.500000,False,Regular
78,0.087070,0.000000,12.830000,0,0.437000,6.140000,45.800000,4.090500,5,398,18.700000,386.960000,10.270000,20.800000,3.047486,4.830804,False,22.434796,-1.634796,0.527937,3.500000,False,Regular
79,0.056460,0.000000,12.830000,0,0.437000,6.232000,53.700000,5.014100,5,398,18.700000,386.400000,12.340000,21.200000,3.264874,4.830804,False,21.008394,0.191606,0.061877,3.500000,False,Regular
80,0.083870,0.000000,12.830000,0,0.437000,5.874000,36.600000,4.502600,5,398,18.700000,396.060000,9.100000,20.300000,3.243197,4.830804,False,21.338779,-1.038779,0.335461,3.500000,False,Regular
81,0.041130,25.000000,4.860000,0,0.426000,6.727000,33.500000,5.400700,4,281,19.000000,396.900000,5.290000,28.000000,2.378871,4.830804,False,27.767165,0.232835,0.075191,3.500000,False,Regular
82,0.044620,25.000000,4.860000,0,0.426000,6.619000,70.400000,5.400700,4,281,19.000000,395.630000,7.220000,23.900000,2.717449,4.830804,False,25.875950,-1.975950,0.638108,3.500000,False,Regular
83,0.036590,25.000000,4.860000,0,0.426000,6.302000,32.200000,5.400700,4,281,19.000000,396.900000,6.720000,24.800000,2.326897,4.830804,False,25.287552,-0.487552,0.157449,3.500000,False,Regular
84,0.035510,25.000000,4.860000,0,0.426000,6.167000,46.700000,5.400700,4,281,19.000000,390.640000,7.510000,22.900000,2.312087,4.830804,False,24.098600,-1.198600,0.387073,3.500000,False,Regular
85,0.050590,0.000000,4.490000,0,0.449000,6.389000,48.000000,4.779400,3,247,18.500000,396.900000,9.620000,23.900000,1.725049,4.830804,False,24.337600,-0.437600,0.141318,3.500000,False,Regular
86,0.057350,0.000000,4.490000,0,0.449000,6.630000,56.100000,4.437700,3,247,18.500000,392.300000,6.530000,26.600000,1.739657,4.830804,False,26.775327,-0.175327,0.056620,3.500000,False,Regular
87,0.051880,0.000000,4.490000,0,0.449000,6.015000,45.100000,4.427200,3,247,18.500000,395.990000,12.860000,22.500000,2.198661,4.830804,False,21.856982,0.643018,0.207655,3.500000,False,Regular
88,0.071510,0.000000,4.490000,0,0.449000,6.121000,56.800000,3.747600,3,247,18.500000,395.150000,8.440000,22.200000,2.071076,4.830804,False,24.420939,-2.220939,0.717224,3.500000,False,Regular
89,0.056600,0.000000,3.410000,0,0.489000,7.007000,86.300000,3.421700,2,270,17.800000,396.900000,5.500000,23.600000,2.925217,4.830804,False,29.066423,-5.466423,1.765312,3.500000,False,Regular
90,0.053020,0.000000,3.410000,0,0.489000,7.079000,63.100000,3.414500,2,270,17.800000,396.060000,5.700000,28.700000,2.574118,4.830804,False,29.780409,-1.080409,0.348904,3.500000,False,Regular
91,0.046840,0.000000,3.410000,0,0.489000,6.417000,66.100000,3.092300,2,270,17.800000,392.180000,8.810000,22.600000,2.339260,4.830804,False,25.850495,-3.250495,1.049706,3.500000,False,Regular
92,0.039320,0.000000,3.410000,0,0.489000,6.405000,73.900000,3.092100,2,270,17.800000,393.550000,8.200000,22.000000,2.449841,4.830804,False,25.864495,-3.864495,1.247990,3.500000,False,Regular
93,0.042030,28.000000,15.040000,0,0.464000,6.442000,53.600000,3.665900,4,270,18.200000,395.010000,8.160000,22.900000,5.685231,4.830804,True,27.396977,-4.496977,1.452242,3.500000,False,Leverage only
94,0.028750,28.000000,15.040000,0,0.464000,6.211000,28.900000,3.665900,4,270,18.200000,396.330000,6.210000,25.000000,5.845436,4.830804,True,27.473138,-2.473138,0.798669,3.500000,False,Leverage only
95,0.042940,28.000000,15.040000,0,0.464000,6.249000,77.300000,3.615000,4,270,18.200000,396.900000,10.590000,20.600000,5.968223,4.830804,True,25.232594,-4.632594,1.496038,3.500000,False,Leverage only
96,0.122040,0.000000,2.890000,0,0.445000,6.625000,57.800000,3.495200,2,276,18.000000,357.980000,6.650000,28.400000,2.680628,4.830804,False,27.609741,0.790259,0.255204,3.500000,False,Regular
97,0.115040,0.000000,2.890000,0,0.445000,6.163000,69.600000,3.495200,2,276,18.000000,391.830000,11.340000,21.400000,2.782678,4.830804,False,23.550796,-2.150796,0.694572,3.500000,False,Regular
98,0.120830,0.000000,2.890000,0,0.445000,8.069000,76.000000,3.495200,2,276,18.000000,396.900000,4.210000,38.700000,4.179838,4.830804,False,34.916872,3.783128,1.221713,3.500000,False,Regular
99,0.081870,0.000000,2.890000,0,0.445000,7.820000,36.900000,3.495200,2,276,18.000000,393.530000,3.570000,43.800000,4.107816,4.830804,False,34.718638,9.081362,2.932711,3.500000,False,Regular
100,0.068600,0.000000,2.890000,0,0.445000,7.416000,62.500000,3.495200,2,276,18.000000,396.900000,6.190000,33.200000,3.236350,4.830804,False,31.407410,1.792590,0.578894,3.500000,False,Regular
101,0.148660,0.000000,8.560000,0,0.520000,6.727000,79.900000,2.777800,5,384,20.900000,394.760000,9.420000,27.500000,2.907911,4.830804,False,23.583085,3.916915,1.264918,3.500000,False,Regular
102,0.114320,0.000000,8.560000,0,0.520000,6.781000,71.300000,2.856100,5,384,20.900000,395.580000,7.670000,26.500000,2.983342,4.830804,False,24.542556,1.957444,0.632132,3.500000,False,Regular
103,0.228760,0.000000,8.560000,0,0.520000,6.405000,85.400000,2.714700,5,384,20.900000,70.800000,10.630000,18.600000,2.791710,4.830804,False,21.593021,-2.993021,0.966558,3.500000,False,Regular
104,0.211610,0.000000,8.560000,0,0.520000,6.137000,87.400000,2.714700,5,384,20.900000,394.470000,13.440000,19.300000,2.759083,4.830804,False,19.300000,0.000000,0.000000,3.500000,False,Regular
105,0.139600,0.000000,8.560000,0,0.520000,6.167000,90.000000,2.421000,5,384,20.900000,392.690000,12.330000,20.100000,2.897561,4.830804,False,20.106188,-0.006188,0.001998,3.500000,False,Regular
106,0.132620,0.000000,8.560000,0,0.520000,5.851000,96.700000,2.106900,5,384,20.900000,394.050000,16.470000,19.500000,3.278019,4.830804,False,17.357539,2.142461,0.691881,3.500000,False,Regular
107,0.171200,0.000000,8.560000,0,0.520000,5.836000,91.900000,2.211000,5,384,20.900000,395.670000,18.660000,19.500000,3.378742,4.830804,False,16.484728,3.015272,0.973744,3.500000,False,Regular
108,0.131170,0.000000,8.560000,0,0.520000,6.127000,85.200000,2.122400,5,384,20.900000,387.690000,14.090000,20.400000,3.012138,4.830804,False,19.700976,0.699024,0.225741,3.500000,False,Regular
109,0.128020,0.000000,8.560000,0,0.520000,6.474000,97.100000,2.432900,5,384,20.900000,395.240000,12.270000,19.800000,3.044735,4.830804,False,21.424495,-1.624495,0.524610,3.500000,False,Regular
110,0.263630,0.000000,8.560000,0,0.520000,6.229000,91.200000,2.545100,5,384,20.900000,391.230000,15.550000,19.400000,2.966450,4.830804,False,19.083762,0.316238,0.102125,3.500000,False,Regular
111,0.107930,0.000000,8.560000,0,0.520000,6.195000,54.400000,2.777800,5,384,20.900000,393.490000,13.000000,21.700000,3.108991,4.830804,False,20.299163,1.400837,0.452382,3.500000,False,Regular
112,0.100840,0.000000,10.010000,0,0.547000,6.715000,81.600000,2.677500,6,432,17.800000,395.590000,10.160000,22.800000,3.006227,4.830804,False,25.166984,-2.366984,0.764387,3.500000,False,Regular
113,0.123290,0.000000,10.010000,0,0.547000,5.913000,92.900000,2.353400,6,432,17.800000,394.950000,16.210000,18.800000,3.188704,4.830804,False,19.376318,-0.576318,0.186115,3.500000,False,Regular
114,0.222120,0.000000,10.010000,0,0.547000,6.092000,95.400000,2.548000,6,432,17.800000,396.900000,17.090000,18.700000,3.216565,4.830804,False,19.638851,-0.938851,0.303190,3.500000,False,Regular
115,0.142310,0.000000,10.010000,0,0.547000,6.254000,84.200000,2.256500,6,432,17.800000,388.740000,10.450000,18.500000,3.019109,4.830804,False,23.289328,-4.789328,1.546653,3.500000,False,Regular
116,0.171340,0.000000,10.010000,0,0.547000,5.928000,88.200000,2.463100,6,432,17.800000,344.910000,15.760000,18.300000,3.094265,4.830804,False,19.573285,-1.273285,0.411191,3.500000,False,Regular
117,0.131580,0.000000,10.010000,0,0.547000,6.176000,72.500000,2.730100,6,432,17.800000,393.300000,12.040000,21.200000,2.890658,4.830804,False,22.079227,-0.879227,0.283935,3.500000,False,Regular
118,0.150980,0.000000,10.010000,0,0.547000,6.021000,82.600000,2.747400,6,432,17.800000,394.510000,10.300000,19.200000,3.180174,4.830804,False,21.757365,-2.557365,0.825869,3.500000,False,Regular
119,0.130580,0.000000,10.010000,0,0.547000,5.872000,73.100000,2.477500,6,432,17.800000,338.630000,15.370000,20.400000,3.074658,4.830804,False,19.724182,0.675818,0.218247,3.500000,False,Regular
120,0.144760,0.000000,10.010000,0,0.547000,5.731000,65.200000,2.759200,6,432,17.800000,391.500000,13.610000,19.300000,3.137216,4.830804,False,19.536308,-0.236308,0.076313,3.500000,False,Regular
121,0.068990,0.000000,25.650000,0,0.581000,5.870000,69.700000,2.257700,2,188,19.100000,389.150000,14.370000,22.000000,9.561706,4.830804,True,21.097270,0.902730,0.291525,3.500000,False,Leverage only
122,0.071650,0.000000,25.650000,0,0.581000,6.004000,84.100000,2.197400,2,188,19.100000,377.670000,14.270000,20.300000,9.601120,4.830804,True,21.553578,-1.253578,0.404827,3.500000,False,Leverage only
123,0.092990,0.000000,25.650000,0,0.581000,5.961000,92.900000,2.086900,2,188,19.100000,378.090000,17.930000,20.500000,9.720788,4.830804,True,19.999226,0.500774,0.161719,3.500000,False,Leverage only
124,0.150380,0.000000,25.650000,0,0.581000,5.856000,97.000000,1.944400,2,188,19.100000,370.310000,25.410000,17.300000,10.196528,4.830804,True,16.914708,0.385292,0.124425,3.500000,False,Leverage only
125,0.098490,0.000000,25.650000,0,0.581000,5.879000,95.800000,2.006300,2,188,19.100000,379.380000,17.580000,18.800000,9.767252,4.830804,True,19.768099,-0.968099,0.312635,3.500000,False,Leverage only
126,0.169020,0.000000,25.650000,0,0.581000,5.986000,88.400000,1.992900,2,188,19.100000,385.020000,14.810000,21.400000,9.691917,4.830804,True,21.400000,0.000000,0.000000,3.500000,False,Leverage only
127,0.387350,0.000000,25.650000,0,0.581000,5.613000,95.600000,1.757200,2,188,19.100000,359.290000,27.260000,15.700000,10.380360,4.830804,True,15.310377,0.389623,0.125824,3.500000,False,Leverage only
128,0.259150,0.000000,21.890000,0,0.624000,5.693000,96.000000,1.788300,4,437,21.200000,392.110000,17.190000,16.200000,4.037910,4.830804,False,14.581691,1.618309,0.522612,3.500000,False,Regular
129,0.325430,0.000000,21.890000,0,0.624000,6.431000,98.800000,1.812500,4,437,21.200000,396.900000,15.390000,18.000000,4.206399,4.830804,False,18.601481,-0.601481,0.194241,3.500000,False,Regular
130,0.881250,0.000000,21.890000,0,0.624000,5.637000,94.700000,1.979900,4,437,21.200000,396.900000,18.340000,14.300000,3.984909,4.830804,False,13.652777,0.647223,0.209012,3.500000,False,Regular
131,0.340060,0.000000,21.890000,0,0.624000,6.458000,98.900000,2.118500,4,437,21.200000,395.040000,12.600000,19.200000,4.289255,4.830804,False,19.391770,-0.191770,0.061930,3.500000,False,Regular
132,1.192940,0.000000,21.890000,0,0.624000,6.326000,97.700000,2.271000,4,437,21.200000,396.900000,12.260000,19.600000,4.315710,4.830804,False,18.645295,0.954705,0.308310,3.500000,False,Regular
133,0.590050,0.000000,21.890000,0,0.624000,6.372000,97.900000,2.327400,4,437,21.200000,385.760000,11.120000,23.000000,4.402380,4.830804,False,19.279482,3.720518,1.201494,3.500000,False,Regular
134,0.329820,0.000000,21.890000,0,0.624000,5.822000,95.400000,2.469900,4,437,21.200000,388.690000,15.030000,18.400000,4.062144,4.830804,False,15.235878,3.164122,1.021813,3.500000,False,Regular
135,0.976170,0.000000,21.890000,0,0.624000,5.757000,98.400000,2.346000,4,437,21.200000,262.760000,17.310000,15.600000,3.997906,4.830804,False,14.112875,1.487125,0.480248,3.500000,False,Regular
136,0.557780,0.000000,21.890000,0,0.624000,6.335000,98.200000,2.110700,4,437,21.200000,394.670000,16.960000,18.100000,4.152454,4.830804,False,17.258846,0.841154,0.271640,3.500000,False,Regular
137,0.322640,0.000000,21.890000,0,0.624000,5.942000,93.500000,1.966900,4,437,21.200000,378.250000,16.900000,17.400000,3.995350,4.830804,False,15.704712,1.695288,0.547472,3.500000,False,Regular
138,0.352330,0.000000,21.890000,0,0.624000,6.454000,98.400000,1.849800,4,437,21.200000,394.080000,14.590000,17.100000,4.215410,4.830804,False,18.958397,-1.858397,0.600146,3.500000,False,Regular
139,0.249800,0.000000,21.890000,0,0.624000,5.857000,98.200000,1.668600,4,437,21.200000,392.040000,21.320000,13.300000,4.250541,4.830804,False,13.971352,-0.671352,0.216805,3.500000,False,Regular
140,0.544520,0.000000,21.890000,0,0.624000,6.151000,97.900000,1.668700,4,437,21.200000,396.900000,18.460000,17.800000,4.145756,4.830804,False,16.336784,1.463216,0.472527,3.500000,False,Regular
141,0.290900,0.000000,21.890000,0,0.624000,6.174000,93.600000,1.611900,4,437,21.200000,388.080000,24.160000,14.000000,4.925958,4.830804,True,14.593592,-0.593592,0.191693,3.500000,False,Leverage only
142,1.628640,0.000000,21.890000,0,0.624000,5.019000,100.000000,1.439400,4,437,21.200000,396.900000,34.410000,14.400000,5.985255,4.830804,True,5.417495,8.982505,2.900786,3.500000,False,Leverage only
143,3.321050,0.000000,19.580000,1,0.871000,5.403000,100.000000,1.321600,5,403,14.700000,396.900000,26.820000,13.400000,9.352444,4.830804,True,14.029021,-0.629021,0.203134,3.500000,False,Leverage only
144,4.097400,0.000000,19.580000,0,0.871000,5.468000,100.000000,1.411800,5,403,14.700000,396.900000,26.420000,15.600000,9.363800,4.830804,True,12.879319,2.720681,0.878610,3.500000,False,Leverage only
145,2.779740,0.000000,19.580000,0,0.871000,4.903000,97.800000,1.345900,5,403,14.700000,396.900000,29.290000,11.800000,9.618196,4.830804,True,9.483962,2.316038,0.747935,3.500000,False,Leverage only
146,2.379340,0.000000,19.580000,0,0.871000,6.130000,100.000000,1.419100,5,403,14.700000,172.910000,27.800000,13.800000,9.542719,4.830804,True,15.709830,-1.909830,0.616755,3.500000,False,Leverage only
147,2.155050,0.000000,19.580000,0,0.871000,5.628000,100.000000,1.516600,5,403,14.700000,169.270000,16.650000,15.600000,9.289116,4.830804,True,17.237561,-1.637561,0.528830,3.500000,False,Leverage only
148,2.368620,0.000000,19.580000,0,0.871000,4.926000,95.700000,1.460800,5,403,14.700000,391.710000,29.530000,14.600000,9.676155,4.830804,True,9.477048,5.122952,1.654392,3.500000,False,Leverage only
149,2.330990,0.000000,19.580000,0,0.871000,5.186000,93.800000,1.529600,5,403,14.700000,356.990000,28.320000,17.800000,9.583120,4.830804,True,11.096318,6.703682,2.164869,3.500000,False,Leverage only
150,2.733970,0.000000,19.580000,0,0.871000,5.597000,94.900000,1.525700,5,403,14.700000,351.850000,21.450000,15.400000,9.252156,4.830804,True,15.400000,-0.000000,0.000000,3.500000,False,Leverage only
151,1.656600,0.000000,19.580000,0,0.871000,6.122000,97.300000,1.618000,5,403,14.700000,372.800000,14.100000,21.500000,9.259925,4.830804,True,20.471404,1.028596,0.332172,3.500000,False,Leverage only
152,1.496320,0.000000,19.580000,0,0.871000,5.404000,100.000000,1.591600,5,403,14.700000,341.600000,13.280000,19.600000,9.623966,4.830804,True,17.386596,2.213404,0.714791,3.500000,False,Leverage only
153,1.126580,0.000000,19.580000,1,0.871000,5.012000,88.000000,1.610200,5,403,14.700000,343.280000,12.120000,15.300000,10.006701,4.830804,True,17.614222,-2.314222,0.747349,3.500000,False,Leverage only
154,2.149180,0.000000,19.580000,0,0.871000,5.709000,98.500000,1.623200,5,403,14.700000,261.950000,15.790000,19.400000,9.327365,4.830804,True,17.839888,1.560112,0.503818,3.500000,False,Leverage only
155,1.413850,0.000000,19.580000,1,0.871000,6.129000,96.000000,1.749400,5,403,14.700000,321.020000,15.120000,17.000000,9.252835,4.830804,True,21.461334,-4.461334,1.440731,3.500000,False,Leverage only
156,3.535010,0.000000,19.580000,1,0.871000,6.152000,82.600000,1.745500,5,403,14.700000,88.010000,15.020000,15.600000,9.460833,4.830804,True,21.593006,-5.993006,1.935365,3.500000,False,Leverage only
157,2.446680,0.000000,19.580000,0,0.871000,5.272000,94.000000,1.736400,5,403,14.700000,88.630000,16.140000,13.100000,9.588271,4.830804,True,15.589864,-2.489864,0.804070,3.500000,False,Leverage only
158,1.223580,0.000000,19.580000,0,0.605000,6.943000,97.400000,1.877300,5,403,14.700000,363.430000,4.590000,41.300000,6.556326,4.830804,True,30.666845,10.633155,3.433843,3.500000,False,Leverage only
159,1.342840,0.000000,19.580000,0,0.605000,6.066000,100.000000,1.757300,5,403,14.700000,353.890000,6.430000,24.300000,6.863702,4.830804,True,25.955531,-1.655531,0.534633,3.500000,False,Leverage only
160,1.425020,0.000000,19.580000,0,0.871000,6.510000,100.000000,1.765900,5,403,14.700000,364.310000,7.390000,23.300000,9.691827,4.830804,True,24.499824,-1.199824,0.387468,3.500000,False,Leverage only
161,1.273460,0.000000,19.580000,1,0.605000,6.250000,92.600000,1.798400,5,403,14.700000,338.920000,5.500000,27.000000,6.678618,4.830804,True,28.658708,-1.658708,0.535659,3.500000,False,Leverage only
162,1.463360,0.000000,19.580000,0,0.605000,7.489000,90.800000,1.970900,5,403,14.700000,374.430000,1.730000,50.000000,6.801821,4.830804,True,34.243361,15.756639,5.088407,3.500000,True,Leverage + response
163,1.833770,0.000000,19.580000,1,0.605000,7.802000,98.200000,2.040700,5,403,14.700000,389.610000,1.920000,50.000000,7.025715,4.830804,True,36.788646,13.211354,4.266439,3.500000,True,Leverage + response
164,1.519020,0.000000,19.580000,1,0.605000,8.375000,93.900000,2.162000,5,403,14.700000,388.450000,3.320000,50.000000,7.163722,4.830804,True,38.976283,11.023717,3.559970,3.500000,True,Leverage + response
165,2.242360,0.000000,19.580000,0,0.605000,5.854000,91.800000,2.422000,5,403,14.700000,395.110000,11.640000,22.700000,6.300209,4.830804,True,22.445760,0.254240,0.082104,3.500000,False,Leverage only
166,2.924000,0.000000,19.580000,0,0.605000,6.101000,93.000000,2.283400,5,403,14.700000,240.160000,9.810000,25.000000,6.421834,4.830804,True,24.293799,0.706201,0.228059,3.500000,False,Leverage only
167,2.010190,0.000000,19.580000,0,0.605000,7.929000,96.200000,2.045900,5,403,14.700000,369.300000,3.700000,50.000000,6.875461,4.830804,True,35.359804,14.640196,4.727866,3.500000,True,Leverage + response
168,1.800280,0.000000,19.580000,0,0.605000,5.877000,79.200000,2.425900,5,403,14.700000,227.610000,12.140000,23.800000,6.018640,4.830804,True,22.666469,1.133531,0.366060,3.500000,False,Leverage only
169,2.300400,0.000000,19.580000,0,0.605000,6.319000,96.100000,2.100000,5,403,14.700000,297.090000,11.100000,23.800000,6.122905,4.830804,True,25.074506,-1.274506,0.411586,3.500000,False,Leverage only
170,2.449530,0.000000,19.580000,0,0.605000,6.402000,95.200000,2.262500,5,403,14.700000,330.040000,11.320000,22.300000,6.090111,4.830804,True,25.212351,-2.912351,0.940507,3.500000,False,Leverage only
171,1.207420,0.000000,19.580000,0,0.605000,5.875000,94.600000,2.425900,5,403,14.700000,292.290000,14.430000,17.400000,6.034116,4.830804,True,21.627665,-4.227665,1.365271,3.500000,False,Leverage only
172,2.313900,0.000000,19.580000,0,0.605000,5.880000,97.300000,2.388700,5,403,14.700000,348.130000,12.030000,19.100000,6.350835,4.830804,True,22.351538,-3.251538,1.050043,3.500000,False,Leverage only
173,0.139140,0.000000,4.050000,0,0.510000,5.572000,88.500000,2.596100,5,296,16.600000,396.900000,14.690000,23.100000,3.758961,4.830804,False,20.824209,2.275791,0.734938,3.500000,False,Regular
174,0.091780,0.000000,4.050000,0,0.510000,6.416000,84.100000,2.646300,5,296,16.600000,395.500000,9.040000,23.600000,2.933511,4.830804,False,26.832768,-3.232768,1.043981,3.500000,False,Regular
175,0.084470,0.000000,4.050000,0,0.510000,5.859000,68.700000,2.701900,5,296,16.600000,393.230000,9.640000,22.600000,3.207801,4.830804,False,24.235939,-1.635939,0.528306,3.500000,False,Regular
176,0.066640,0.000000,4.050000,0,0.510000,6.546000,33.100000,3.132300,5,296,16.600000,390.960000,5.330000,29.400000,3.100122,4.830804,False,29.214532,0.185468,0.059895,3.500000,False,Regular
177,0.070220,0.000000,4.050000,0,0.510000,6.020000,47.200000,3.554900,5,296,16.600000,393.230000,10.110000,23.200000,2.839908,4.830804,False,24.330695,-1.130695,0.365144,3.500000,False,Regular
178,0.054250,0.000000,4.050000,0,0.510000,6.315000,73.400000,3.317500,5,296,16.600000,395.600000,6.290000,24.600000,2.921296,4.830804,False,26.831678,-2.231678,0.720692,3.500000,False,Regular
179,0.066420,0.000000,4.050000,0,0.510000,6.860000,74.400000,2.915300,5,296,16.600000,391.270000,6.920000,29.900000,2.627030,4.830804,False,29.573779,0.326221,0.105349,3.500000,False,Regular
180,0.057800,0.000000,2.460000,0,0.488000,6.980000,58.400000,2.829000,3,193,17.800000,396.900000,5.040000,37.200000,3.019627,4.830804,False,31.283496,5.916504,1.910660,3.500000,False,Regular
181,0.065880,0.000000,2.460000,0,0.488000,7.765000,83.300000,2.741000,3,193,17.800000,395.560000,7.560000,39.800000,3.862575,4.830804,False,33.697733,6.102267,1.970650,3.500000,False,Regular
182,0.068880,0.000000,2.460000,0,0.488000,6.144000,62.200000,2.597900,3,193,17.800000,396.900000,9.450000,36.200000,3.360692,4.830804,False,25.960497,10.239503,3.306718,3.500000,False,Regular
183,0.091030,0.000000,2.460000,0,0.488000,7.155000,92.200000,2.700600,3,193,17.800000,394.120000,4.820000,37.900000,3.599803,4.830804,False,31.676447,6.223553,2.009818,3.500000,False,Regular
184,0.100080,0.000000,2.460000,0,0.488000,6.563000,95.600000,2.847000,3,193,17.800000,396.900000,5.680000,32.500000,3.789344,4.830804,False,28.369125,4.130875,1.334014,3.500000,False,Regular
185,0.083080,0.000000,2.460000,0,0.488000,5.604000,89.800000,2.987900,3,193,17.800000,391.000000,13.980000,26.400000,3.947942,4.830804,False,20.877591,5.522409,1.783392,3.500000,False,Regular
186,0.060470,0.000000,2.460000,0,0.488000,6.153000,68.800000,3.279700,3,193,17.800000,387.110000,13.150000,29.600000,3.038012,4.830804,False,23.842835,5.757165,1.859204,3.500000,False,Regular
187,0.056020,0.000000,2.460000,0,0.488000,7.831000,53.600000,3.199200,3,193,17.800000,392.630000,4.450000,50.000000,3.696494,4.830804,False,35.190394,14.809606,4.782575,3.500000,True,Response only
188,0.078750,45.000000,3.440000,0,0.437000,6.782000,41.100000,3.788600,5,398,15.200000,393.870000,6.680000,32.000000,4.352921,4.830804,False,31.687713,0.312287,0.100849,3.500000,False,Regular
189,0.125790,45.000000,3.440000,0,0.437000,6.556000,29.100000,4.566700,5,398,15.200000,382.840000,4.560000,29.800000,4.162741,4.830804,False,30.776200,-0.976200,0.315252,3.500000,False,Regular
190,0.083700,45.000000,3.440000,0,0.437000,7.185000,38.900000,4.566700,5,398,15.200000,396.900000,5.390000,34.900000,4.100665,4.830804,False,33.256604,1.643396,0.530714,3.500000,False,Regular
191,0.090680,45.000000,3.440000,0,0.437000,6.951000,21.500000,6.479800,5,398,15.200000,377.680000,5.100000,37.000000,4.105038,4.830804,False,30.563004,6.436996,2.078746,3.500000,False,Regular
192,0.069110,45.000000,3.440000,0,0.437000,6.739000,30.800000,6.479800,5,398,15.200000,389.710000,4.690000,30.500000,3.996297,4.830804,False,29.539508,0.960492,0.310179,3.500000,False,Regular
193,0.086640,45.000000,3.440000,0,0.437000,7.178000,26.300000,6.479800,5,398,15.200000,390.490000,2.870000,36.400000,4.195626,4.830804,False,32.331464,4.068536,1.313882,3.500000,False,Regular
194,0.021870,60.000000,2.930000,0,0.401000,6.800000,9.900000,6.219600,1,265,15.600000,393.370000,5.030000,31.100000,4.385075,4.830804,False,31.887945,-0.787945,0.254457,3.500000,False,Regular
195,0.014390,60.000000,2.930000,0,0.401000,6.604000,18.800000,6.219600,1,265,15.600000,376.700000,4.380000,29.100000,4.275602,4.830804,False,31.030655,-1.930655,0.623481,3.500000,False,Regular
196,0.013810,80.000000,0.460000,0,0.422000,7.875000,32.000000,5.648400,4,255,14.400000,394.230000,2.970000,50.000000,6.801077,4.830804,True,39.981783,10.018217,3.235256,3.500000,False,Leverage only
197,0.040110,80.000000,1.520000,0,0.404000,7.287000,34.100000,7.309000,2,329,12.600000,396.900000,4.080000,33.300000,5.899673,4.830804,True,35.537342,-2.237342,0.722521,3.500000,False,Leverage only
198,0.046660,80.000000,1.520000,0,0.404000,7.107000,36.600000,7.309000,2,329,12.600000,354.310000,8.610000,30.300000,5.942869,4.830804,True,33.034281,-2.734281,0.883002,3.500000,False,Leverage only
199,0.037680,80.000000,1.520000,0,0.404000,7.274000,38.300000,7.309000,2,329,12.600000,392.200000,6.620000,34.600000,5.934721,4.830804,True,34.494830,0.105170,0.033963,3.500000,False,Leverage only
200,0.031500,95.000000,1.470000,0,0.403000,6.975000,15.300000,7.653400,3,402,17.000000,396.900000,4.560000,34.900000,7.481620,4.830804,True,30.336398,4.563602,1.473757,3.500000,False,Leverage only
201,0.017780,95.000000,1.470000,0,0.403000,7.135000,13.900000,7.653400,3,402,17.000000,384.300000,4.450000,32.900000,7.537962,4.830804,True,31.155415,1.744585,0.563392,3.500000,False,Leverage only
202,0.034450,82.500000,2.030000,0,0.415000,6.162000,38.400000,6.270000,2,348,14.700000,393.770000,7.430000,24.100000,6.292345,4.830804,True,28.156572,-4.056572,1.310019,3.500000,False,Leverage only
203,0.021770,82.500000,2.030000,0,0.415000,7.610000,15.700000,6.270000,2,348,14.700000,395.380000,3.110000,42.300000,6.377671,4.830804,True,36.925184,5.374816,1.735729,3.500000,False,Leverage only
204,0.035100,95.000000,2.680000,0,0.416100,7.853000,33.200000,5.118000,4,224,14.700000,392.780000,3.810000,48.500000,9.428330,4.830804,True,40.919812,7.580188,2.447926,3.500000,False,Leverage only
205,0.020090,95.000000,2.680000,0,0.416100,8.034000,31.900000,5.118000,4,224,14.700000,390.550000,2.880000,50.000000,9.472404,4.830804,True,42.127068,7.872932,2.542464,3.500000,False,Leverage only
206,0.136420,0.000000,10.590000,0,0.489000,5.891000,22.300000,3.945400,4,277,18.600000,396.900000,10.870000,22.600000,2.998259,4.830804,False,22.250278,0.349722,0.112938,3.500000,False,Regular
207,0.229690,0.000000,10.590000,0,0.489000,6.326000,52.500000,4.354900,4,277,18.600000,394.870000,10.970000,24.400000,1.876732,4.830804,False,23.242087,1.157913,0.373933,3.500000,False,Regular
208,0.251990,0.000000,10.590000,0,0.489000,5.783000,72.700000,4.354900,4,277,18.600000,389.430000,18.060000,22.500000,2.652035,4.830804,False,17.787435,4.712565,1.521863,3.500000,False,Regular
209,0.135870,0.000000,10.590000,1,0.489000,6.064000,59.100000,4.239200,4,277,18.600000,381.320000,14.660000,24.400000,2.166174,4.830804,False,22.112975,2.287025,0.738566,3.500000,False,Regular
210,0.435710,0.000000,10.590000,1,0.489000,5.344000,100.000000,3.875000,4,277,18.600000,396.900000,23.090000,20.000000,4.024796,4.830804,False,15.309603,4.690397,1.514704,3.500000,False,Regular
211,0.174460,0.000000,10.590000,1,0.489000,5.960000,92.100000,3.877100,4,277,18.600000,393.250000,17.270000,21.700000,2.934685,4.830804,False,20.451616,1.248384,0.403150,3.500000,False,Regular
212,0.375780,0.000000,10.590000,1,0.489000,5.404000,88.600000,3.665000,4,277,18.600000,395.240000,23.980000,19.300000,4.029470,4.830804,False,15.720823,3.579177,1.155850,3.500000,False,Regular
213,0.217190,0.000000,10.590000,1,0.489000,5.807000,53.800000,3.652600,4,277,18.600000,390.940000,16.030000,22.400000,2.680528,4.830804,False,21.129735,1.270265,0.410216,3.500000,False,Regular
214,0.140520,0.000000,10.590000,0,0.489000,6.375000,32.300000,3.945400,4,277,18.600000,385.810000,9.380000,28.100000,2.497290,4.830804,False,24.863954,3.236046,1.045040,3.500000,False,Regular
215,0.289550,0.000000,10.590000,0,0.489000,5.412000,9.800000,3.587500,4,277,18.600000,348.930000,29.550000,23.700000,7.508238,4.830804,True,13.959605,9.740395,3.145537,3.500000,False,Leverage only
216,0.198020,0.000000,10.590000,0,0.489000,6.182000,42.400000,3.945400,4,277,18.600000,393.630000,9.470000,25.000000,2.118927,4.830804,False,23.726933,1.273067,0.411121,3.500000,False,Regular
217,0.045600,0.000000,13.890000,1,0.550000,5.888000,56.000000,3.112100,5,276,16.400000,392.800000,13.510000,23.300000,4.394632,4.830804,False,24.211237,-0.911237,0.294273,3.500000,False,Regular
218,0.070130,0.000000,13.890000,0,0.550000,6.642000,85.100000,3.421100,5,276,16.400000,392.780000,9.690000,28.700000,4.326251,4.830804,False,26.827203,1.872797,0.604796,3.500000,False,Regular
219,0.110690,0.000000,13.890000,1,0.550000,5.951000,93.800000,2.889300,5,276,16.400000,396.900000,17.920000,21.500000,4.784777,4.830804,False,22.453447,-0.953447,0.307903,3.500000,False,Regular
220,0.114250,0.000000,13.890000,1,0.550000,6.373000,92.400000,3.363300,5,276,16.400000,393.740000,10.500000,23.000000,4.520660,4.830804,False,26.596259,-3.596259,1.161366,3.500000,False,Regular
221,0.358090,0.000000,6.200000,1,0.507000,6.951000,88.500000,2.861700,8,307,17.400000,391.700000,9.710000,26.700000,2.837992,4.830804,False,29.968198,-3.268198,1.055423,3.500000,False,Regular
222,0.407710,0.000000,6.200000,1,0.507000,6.164000,91.300000,3.048000,8,307,17.400000,395.240000,21.460000,21.700000,4.148108,4.830804,False,21.840027,-0.140027,0.045220,3.500000,False,Regular
223,0.623560,0.000000,6.200000,1,0.507000,6.879000,77.700000,3.272100,8,307,17.400000,390.390000,9.930000,27.500000,2.364900,4.830804,False,29.287783,-1.787783,0.577342,3.500000,False,Regular
224,0.614700,0.000000,6.200000,0,0.507000,6.618000,80.800000,3.272100,8,307,17.400000,396.900000,7.600000,30.100000,2.493406,4.830804,False,27.428676,2.671324,0.862670,3.500000,False,Regular
225,0.315330,0.000000,6.200000,0,0.504000,8.266000,78.300000,2.894400,8,307,17.400000,385.050000,4.140000,44.800000,4.044436,4.830804,False,36.921628,7.878372,2.544220,3.500000,False,Regular
226,0.526930,0.000000,6.200000,0,0.504000,8.725000,83.000000,2.894400,8,307,17.400000,382.000000,4.630000,50.000000,4.914855,4.830804,True,38.788320,11.211680,3.620670,3.500000,True,Leverage + response
227,0.382140,0.000000,6.200000,0,0.504000,8.040000,86.500000,3.215700,8,307,17.400000,387.380000,3.130000,37.600000,3.757663,4.830804,False,35.714927,1.885073,0.608760,3.500000,False,Regular
228,0.412380,0.000000,6.200000,0,0.504000,7.163000,79.900000,3.215700,8,307,17.400000,372.080000,6.360000,31.600000,2.621073,4.830804,False,30.568047,1.031953,0.333256,3.500000,False,Regular
229,0.298190,0.000000,6.200000,0,0.504000,7.686000,17.000000,3.375100,8,307,17.400000,377.510000,3.920000,46.700000,4.188586,4.830804,False,34.927159,11.772841,3.801890,3.500000,True,Response only
230,0.441780,0.000000,6.200000,0,0.504000,6.552000,21.400000,3.375100,8,307,17.400000,380.340000,3.760000,31.500000,3.120405,4.830804,False,29.554714,1.945286,0.628206,3.500000,False,Regular
231,0.537000,0.000000,6.200000,0,0.504000,5.981000,68.100000,3.671500,8,307,17.400000,378.350000,11.650000,24.300000,2.398281,4.830804,False,22.860177,1.439823,0.464972,3.500000,False,Regular
232,0.462960,0.000000,6.200000,0,0.504000,7.412000,76.900000,3.671500,8,307,17.400000,376.140000,5.250000,31.700000,2.702496,4.830804,False,31.700000,0.000000,0.000000,3.500000,False,Regular
233,0.575290,0.000000,6.200000,0,0.507000,8.337000,73.300000,3.838400,8,307,17.400000,385.910000,2.470000,41.700000,4.023715,4.830804,False,36.874727,4.825273,1.558261,3.500000,False,Regular
234,0.331470,0.000000,6.200000,0,0.507000,8.247000,70.400000,3.651900,8,307,17.400000,378.950000,3.950000,48.300000,3.883057,4.830804,False,36.209364,12.090636,3.904518,3.500000,True,Response only
235,0.447910,0.000000,6.200000,1,0.507000,6.726000,66.500000,3.651900,8,307,17.400000,360.200000,8.050000,29.000000,2.011815,4.830804,False,29.068814,-0.068814,0.022223,3.500000,False,Regular
236,0.330450,0.000000,6.200000,0,0.507000,6.086000,61.500000,3.651900,8,307,17.400000,376.750000,10.880000,24.000000,2.268977,4.830804,False,23.762941,0.237059,0.076555,3.500000,False,Regular
237,0.520580,0.000000,6.200000,1,0.507000,6.631000,76.500000,4.148000,8,307,17.400000,388.450000,9.540000,25.100000,2.120285,4.830804,False,27.369634,-2.269634,0.732950,3.500000,False,Regular
238,0.511830,0.000000,6.200000,0,0.507000,7.358000,71.600000,4.148000,8,307,17.400000,390.070000,4.730000,31.500000,2.590730,4.830804,False,31.184694,0.315306,0.101824,3.500000,False,Regular
239,0.082440,30.000000,4.930000,0,0.428000,6.481000,18.500000,6.189900,6,300,16.600000,379.410000,6.360000,23.700000,2.154549,4.830804,False,27.914140,-4.214140,1.360903,3.500000,False,Regular
240,0.092520,30.000000,4.930000,0,0.428000,6.606000,42.200000,6.189900,6,300,16.600000,383.780000,7.370000,23.300000,1.918682,4.830804,False,27.693209,-4.393209,1.418731,3.500000,False,Regular
241,0.113290,30.000000,4.930000,0,0.428000,6.897000,54.300000,6.336100,6,300,16.600000,391.250000,11.380000,22.000000,2.611180,4.830804,False,27.249657,-5.249657,1.695310,3.500000,False,Regular
242,0.106120,30.000000,4.930000,0,0.428000,6.095000,65.100000,6.336100,6,300,16.600000,394.620000,12.400000,20.100000,2.760822,4.830804,False,22.915982,-2.815982,0.909386,3.500000,False,Regular
243,0.102900,30.000000,4.930000,0,0.428000,6.358000,52.900000,7.035500,6,300,16.600000,372.750000,11.220000,22.200000,2.438233,4.830804,False,24.061480,-1.861480,0.601141,3.500000,False,Regular
244,0.127570,30.000000,4.930000,0,0.428000,6.393000,7.800000,7.035500,6,300,16.600000,374.710000,5.190000,23.700000,2.502328,4.830804,False,27.217707,-3.517707,1.135999,3.500000,False,Regular
245,0.206080,22.000000,5.860000,0,0.431000,5.593000,76.500000,7.954900,7,330,19.100000,372.490000,12.500000,17.600000,4.059198,4.830804,False,16.055100,1.544900,0.498906,3.500000,False,Regular
246,0.191330,22.000000,5.860000,0,0.431000,5.605000,70.200000,7.954900,7,330,19.100000,389.130000,18.460000,18.500000,3.967950,4.830804,False,14.115208,4.384792,1.416013,3.500000,False,Regular
247,0.339830,22.000000,5.860000,0,0.431000,6.108000,34.900000,8.055500,7,330,19.100000,390.180000,9.160000,24.300000,2.991917,4.830804,False,20.324349,3.975651,1.283886,3.500000,False,Regular
248,0.196570,22.000000,5.860000,0,0.431000,6.226000,79.200000,8.055500,7,330,19.100000,376.140000,10.150000,20.500000,4.035575,4.830804,False,19.707591,0.792409,0.255898,3.500000,False,Regular
249,0.164390,22.000000,5.860000,0,0.431000,6.433000,49.100000,7.826500,7,330,19.100000,374.710000,9.520000,24.500000,2.971220,4.830804,False,21.719617,2.780383,0.897889,3.500000,False,Regular
250,0.190730,22.000000,5.860000,0,0.431000,6.718000,17.500000,7.826500,7,330,19.100000,393.740000,6.560000,26.200000,3.233921,4.830804,False,24.704327,1.495673,0.483009,3.500000,False,Regular
251,0.140300,22.000000,5.860000,0,0.431000,6.487000,13.000000,7.396700,7,330,19.100000,396.280000,5.900000,24.400000,2.908141,4.830804,False,24.400000,0.000000,0.000000,3.500000,False,Regular
252,0.214090,22.000000,5.860000,0,0.431000,6.438000,8.900000,7.396700,7,330,19.100000,377.070000,3.590000,24.800000,3.063108,4.830804,False,25.058557,-0.258557,0.083498,3.500000,False,Regular
253,0.082210,22.000000,5.860000,0,0.431000,6.957000,6.800000,8.906700,7,330,19.100000,386.090000,3.530000,29.600000,4.415283,4.830804,False,25.976140,3.623860,1.170280,3.500000,False,Regular
254,0.368940,22.000000,5.860000,0,0.431000,8.259000,8.400000,8.906700,7,330,19.100000,396.900000,3.540000,42.800000,6.253018,4.830804,True,32.023073,10.776927,3.480272,3.500000,False,Leverage only
255,0.048190,80.000000,3.640000,0,0.392000,6.108000,32.000000,9.220300,1,315,16.400000,392.890000,6.570000,21.900000,5.950961,4.830804,True,24.221521,-2.321521,0.749706,3.500000,False,Leverage only
256,0.035480,80.000000,3.640000,0,0.392000,5.876000,19.100000,9.220300,1,315,16.400000,395.180000,9.250000,20.900000,5.850954,4.830804,True,22.424996,-1.524996,0.492478,3.500000,False,Leverage only
257,0.015380,90.000000,3.750000,0,0.394000,7.454000,34.200000,6.336100,3,244,15.900000,386.340000,3.110000,44.000000,7.967219,4.830804,True,36.702710,7.297290,2.356567,3.500000,False,Leverage only
258,0.611540,20.000000,3.970000,0,0.647000,8.704000,86.900000,1.801000,5,264,13.000000,389.700000,5.120000,50.000000,7.004040,4.830804,True,42.174218,7.825782,2.527237,3.500000,False,Leverage only
259,0.663510,20.000000,3.970000,0,0.647000,7.333000,100.000000,1.894600,5,264,13.000000,383.290000,7.790000,36.000000,6.276496,4.830804,True,34.430973,1.569027,0.506698,3.500000,False,Leverage only
260,0.656650,20.000000,3.970000,0,0.647000,6.842000,100.000000,2.010700,5,264,13.000000,391.930000,6.900000,30.100000,6.415773,4.830804,True,32.318246,-2.218246,0.716355,3.500000,False,Leverage only
261,0.540110,20.000000,3.970000,0,0.647000,7.203000,81.800000,2.112100,5,264,13.000000,392.800000,9.590000,33.800000,6.124262,4.830804,True,33.310303,0.489697,0.158141,3.500000,False,Leverage only
262,0.534120,20.000000,3.970000,0,0.647000,7.520000,89.400000,2.139800,5,264,13.000000,388.370000,7.260000,43.100000,6.183631,4.830804,True,35.455112,7.644888,2.468820,3.500000,False,Leverage only
263,0.520140,20.000000,3.970000,0,0.647000,8.398000,91.500000,2.288500,5,264,13.000000,386.860000,5.910000,48.800000,6.677591,4.830804,True,39.864426,8.935574,2.885631,3.500000,False,Leverage only
264,0.825260,20.000000,3.970000,0,0.647000,7.327000,94.500000,2.078800,5,264,13.000000,393.420000,11.250000,31.000000,6.208368,4.830804,True,33.062075,-2.062075,0.665921,3.500000,False,Leverage only
265,0.550070,20.000000,3.970000,0,0.647000,7.206000,91.600000,1.930100,5,264,13.000000,387.890000,8.100000,36.500000,6.187635,4.830804,True,33.859824,2.640176,0.852611,3.500000,False,Leverage only
266,0.761620,20.000000,3.970000,0,0.647000,5.560000,62.800000,1.986500,5,264,13.000000,392.400000,10.450000,22.800000,6.986861,4.830804,True,25.749620,-2.949620,0.952542,3.500000,False,Leverage only
267,0.785700,20.000000,3.970000,0,0.647000,7.014000,84.600000,2.132900,5,264,13.000000,384.070000,14.790000,30.700000,6.326034,4.830804,True,30.468888,0.231112,0.074635,3.500000,False,Leverage only
268,0.578340,20.000000,3.970000,0,0.575000,8.297000,67.000000,2.421600,5,264,13.000000,384.540000,7.440000,50.000000,5.942152,4.830804,True,40.022401,9.977599,3.222139,3.500000,False,Leverage only
269,0.540500,20.000000,3.970000,0,0.575000,7.470000,52.600000,2.872000,5,264,13.000000,390.300000,3.160000,43.500000,5.212106,4.830804,True,37.457645,6.042355,1.951302,3.500000,False,Leverage only
270,0.090650,20.000000,6.960000,1,0.464000,5.920000,61.500000,3.917500,3,223,18.600000,391.340000,13.650000,20.700000,3.625820,4.830804,False,23.600295,-2.900295,0.936613,3.500000,False,Regular
271,0.299160,20.000000,6.960000,0,0.464000,5.856000,42.100000,4.429000,3,223,18.600000,388.650000,13.000000,21.100000,3.347127,4.830804,False,21.926260,-0.826260,0.266830,3.500000,False,Regular
272,0.162110,20.000000,6.960000,0,0.464000,6.240000,16.300000,4.429000,3,223,18.600000,396.900000,6.590000,25.200000,3.574450,4.830804,False,26.512783,-1.312783,0.423947,3.500000,False,Regular
273,0.114600,20.000000,6.960000,0,0.464000,6.538000,58.700000,3.917500,3,223,18.600000,394.960000,7.730000,24.400000,3.265426,4.830804,False,27.253705,-2.853705,0.921568,3.500000,False,Regular
274,0.221880,20.000000,6.960000,1,0.464000,7.691000,51.800000,4.366500,3,223,18.600000,390.770000,6.580000,35.200000,3.894123,4.830804,False,34.123942,1.076058,0.347499,3.500000,False,Regular
275,0.056440,40.000000,6.410000,1,0.447000,6.758000,32.900000,4.077600,4,254,17.600000,396.900000,3.530000,32.400000,4.594573,4.830804,False,33.149725,-0.749725,0.242114,3.500000,False,Regular
276,0.096040,40.000000,6.410000,0,0.447000,6.854000,42.800000,4.267300,4,254,17.600000,396.900000,2.980000,32.000000,4.440859,4.830804,False,32.000000,-0.000000,0.000000,3.500000,False,Regular
277,0.104690,40.000000,6.410000,1,0.447000,7.267000,49.000000,4.787200,4,254,17.600000,389.250000,6.050000,33.200000,4.149440,4.830804,False,33.584133,-0.384133,0.124051,3.500000,False,Regular
278,0.061270,40.000000,6.410000,1,0.447000,6.826000,27.600000,4.862800,4,254,17.600000,393.450000,4.160000,33.100000,4.048777,4.830804,False,32.513735,0.586265,0.189327,3.500000,False,Regular
279,0.079780,40.000000,6.410000,0,0.447000,6.482000,32.100000,4.140300,4,254,17.600000,396.900000,7.190000,29.100000,4.554815,4.830804,False,29.095492,0.004508,0.001456,3.500000,False,Regular
280,0.210380,20.000000,3.330000,0,0.442900,6.812000,32.200000,4.100700,5,216,14.900000,396.900000,4.850000,35.100000,3.696880,4.830804,False,33.469721,1.630279,0.526478,3.500000,False,Regular
281,0.035780,20.000000,3.330000,0,0.442900,7.820000,64.500000,4.694700,5,216,14.900000,387.310000,3.760000,45.400000,3.938136,4.830804,False,37.375377,8.024623,2.591450,3.500000,False,Regular
282,0.037050,20.000000,3.330000,0,0.442900,6.968000,37.200000,5.244700,5,216,14.900000,392.230000,4.590000,35.400000,3.110821,4.830804,False,33.011365,2.388635,0.771379,3.500000,False,Regular
283,0.061290,20.000000,3.330000,1,0.442900,7.645000,49.700000,5.211900,5,216,14.900000,377.070000,3.010000,46.000000,3.506128,4.830804,False,37.951765,8.048235,2.599076,3.500000,False,Regular
284,0.015010,90.000000,1.210000,1,0.401000,7.923000,24.800000,5.885000,1,198,13.600000,395.520000,3.160000,50.000000,8.036569,4.830804,True,42.857623,7.142377,2.306540,3.500000,False,Leverage only
285,0.009060,90.000000,2.970000,0,0.400000,7.088000,20.800000,7.307300,1,285,15.300000,394.720000,7.850000,32.200000,6.770140,4.830804,True,32.134192,0.065808,0.021252,3.500000,False,Leverage only
286,0.010960,55.000000,2.250000,0,0.389000,6.453000,31.900000,7.307300,1,300,15.300000,394.720000,8.230000,22.000000,3.818775,4.830804,False,27.342108,-5.342108,1.725166,3.500000,False,Regular
287,0.019650,80.000000,1.760000,0,0.385000,6.230000,31.500000,9.089200,1,241,18.200000,341.600000,12.930000,20.100000,6.412600,4.830804,True,22.124459,-2.024459,0.653773,3.500000,False,Leverage only
288,0.038710,52.500000,5.320000,0,0.405000,6.209000,31.300000,7.317200,6,293,16.600000,396.900000,7.140000,23.200000,3.848466,4.830804,False,26.199702,-2.999702,0.968716,3.500000,False,Regular
289,0.045900,52.500000,5.320000,0,0.405000,6.315000,45.600000,7.317200,6,293,16.600000,396.900000,7.600000,22.300000,3.986823,4.830804,False,26.262998,-3.962998,1.279800,3.500000,False,Regular
290,0.042970,52.500000,5.320000,0,0.405000,6.565000,22.900000,7.317200,6,293,16.600000,371.720000,9.510000,24.800000,3.882629,4.830804,False,27.188647,-2.388647,0.771383,3.500000,False,Regular
291,0.035020,80.000000,4.950000,0,0.411000,6.861000,27.900000,5.116700,4,245,19.200000,396.900000,3.330000,28.500000,8.816186,4.830804,True,32.152973,-3.652973,1.179681,3.500000,False,Leverage only
292,0.078860,80.000000,4.950000,0,0.411000,7.148000,27.700000,5.116700,4,245,19.200000,396.900000,3.560000,37.300000,8.834461,4.830804,True,33.417886,3.882114,1.253680,3.500000,False,Leverage only
293,0.036150,80.000000,4.950000,0,0.411000,6.630000,23.400000,5.116700,4,245,19.200000,396.900000,4.700000,27.900000,8.838781,4.830804,True,30.665928,-2.765928,0.893222,3.500000,False,Leverage only
294,0.082650,0.000000,13.920000,0,0.437000,6.127000,18.400000,5.502700,4,289,16.000000,396.900000,8.580000,23.900000,4.501480,4.830804,False,25.217131,-1.317131,0.425351,3.500000,False,Regular
295,0.081990,0.000000,13.920000,0,0.437000,6.009000,42.300000,5.502700,4,289,16.000000,396.900000,10.400000,21.700000,4.382265,4.830804,False,23.564351,-1.864351,0.602068,3.500000,False,Regular
296,0.129320,0.000000,13.920000,0,0.437000,6.678000,31.100000,5.960400,4,289,16.000000,396.900000,6.270000,28.600000,4.579151,4.830804,False,27.895879,0.704121,0.227387,3.500000,False,Regular
297,0.053720,0.000000,13.920000,0,0.437000,6.549000,51.000000,5.960400,4,289,16.000000,392.850000,7.390000,27.100000,4.616686,4.830804,False,26.525243,0.574757,0.185610,3.500000,False,Regular
298,0.141030,0.000000,13.920000,0,0.437000,5.790000,58.000000,6.320000,4,289,16.000000,396.900000,15.840000,20.300000,4.932238,4.830804,True,19.433266,0.866734,0.279901,3.500000,False,Leverage only
299,0.064660,70.000000,2.240000,0,0.400000,6.345000,20.100000,7.827800,5,358,14.800000,368.240000,4.970000,22.500000,4.764295,4.830804,False,28.575943,-6.075943,1.962149,3.500000,False,Regular
300,0.055610,70.000000,2.240000,0,0.400000,7.041000,10.000000,7.827800,5,358,14.800000,371.580000,4.740000,29.000000,4.771571,4.830804,False,32.119779,-3.119779,1.007493,3.500000,False,Regular
301,0.044170,70.000000,2.240000,0,0.400000,6.871000,47.400000,7.827800,5,358,14.800000,390.860000,6.070000,24.800000,4.892413,4.830804,True,30.142860,-5.342860,1.725409,3.500000,False,Leverage only
302,0.035370,34.000000,6.090000,0,0.433000,6.590000,40.400000,5.491700,7,329,16.100000,395.750000,9.500000,22.000000,2.587019,4.830804,False,28.006891,-6.006891,1.939849,3.500000,False,Regular
303,0.092660,34.000000,6.090000,0,0.433000,6.495000,18.400000,5.491700,7,329,16.100000,383.610000,8.670000,26.400000,2.875614,4.830804,False,28.264125,-1.864125,0.601996,3.500000,False,Regular
304,0.100000,34.000000,6.090000,0,0.433000,6.982000,17.700000,5.491700,7,329,16.100000,390.430000,4.860000,33.100000,2.800735,4.830804,False,31.917980,1.182020,0.381718,3.500000,False,Regular
305,0.055150,33.000000,2.180000,0,0.472000,7.236000,41.100000,4.022000,7,222,18.400000,393.680000,6.930000,36.100000,5.275259,4.830804,True,32.285197,3.814803,1.231942,3.500000,False,Leverage only
306,0.054790,33.000000,2.180000,0,0.472000,6.616000,58.100000,3.370000,7,222,18.400000,393.360000,8.930000,28.400000,5.632439,4.830804,True,29.030624,-0.630624,0.203652,3.500000,False,Leverage only
307,0.075030,33.000000,2.180000,0,0.472000,7.420000,71.900000,3.099200,7,222,18.400000,396.900000,6.470000,33.400000,5.914336,4.830804,True,33.705124,-0.305124,0.098536,3.500000,False,Leverage only
308,0.049320,33.000000,2.180000,0,0.472000,6.849000,70.300000,3.182700,7,222,18.400000,396.900000,7.530000,28.200000,5.767650,4.830804,True,30.590966,-2.390966,0.772132,3.500000,False,Leverage only
309,0.492980,0.000000,9.900000,0,0.544000,6.635000,82.500000,3.317500,4,304,18.400000,396.900000,4.540000,22.800000,2.709345,4.830804,False,26.672981,-3.872981,1.250730,3.500000,False,Regular
310,0.349400,0.000000,9.900000,0,0.544000,5.972000,76.700000,3.102500,4,304,18.400000,396.240000,9.970000,20.300000,2.002159,4.830804,False,21.984555,-1.684555,0.544006,3.500000,False,Regular
311,2.635480,0.000000,9.900000,0,0.544000,4.973000,37.800000,2.519400,4,304,18.400000,350.450000,12.640000,16.100000,4.055148,4.830804,False,17.404963,-1.304963,0.421421,3.500000,False,Regular
312,0.790410,0.000000,9.900000,0,0.544000,6.122000,52.800000,2.640300,4,304,18.400000,396.900000,5.980000,22.100000,2.612133,4.830804,False,24.991954,-2.891954,0.933920,3.500000,False,Regular
313,0.261690,0.000000,9.900000,0,0.544000,6.023000,90.400000,2.834000,4,304,18.400000,396.300000,11.720000,19.400000,2.185045,4.830804,False,21.638831,-2.238831,0.723002,3.500000,False,Regular
314,0.269380,0.000000,9.900000,0,0.544000,6.266000,82.800000,3.262800,4,304,18.400000,393.390000,7.900000,21.600000,2.192523,4.830804,False,23.826325,-2.226325,0.718963,3.500000,False,Regular
315,0.369200,0.000000,9.900000,0,0.544000,6.567000,87.300000,3.602300,4,304,18.400000,395.690000,9.280000,23.800000,1.987167,4.830804,False,24.293079,-0.493079,0.159233,3.500000,False,Regular
316,0.253560,0.000000,9.900000,0,0.544000,5.705000,77.700000,3.945000,4,304,18.400000,396.420000,11.500000,16.200000,2.210777,4.830804,False,19.287919,-3.087919,0.997204,3.500000,False,Regular
317,0.318270,0.000000,9.900000,0,0.544000,5.914000,83.200000,3.998600,4,304,18.400000,390.700000,18.330000,17.800000,2.261891,4.830804,False,17.674563,0.125437,0.040508,3.500000,False,Regular
318,0.245220,0.000000,9.900000,0,0.544000,5.782000,71.700000,4.031700,4,304,18.400000,396.900000,15.940000,19.800000,1.919799,4.830804,False,18.095116,1.704884,0.550571,3.500000,False,Regular
319,0.402020,0.000000,9.900000,0,0.544000,6.382000,67.200000,3.532500,4,304,18.400000,395.210000,10.360000,23.100000,1.442393,4.830804,False,23.490023,-0.390023,0.125953,3.500000,False,Regular
320,0.475470,0.000000,9.900000,0,0.544000,6.113000,58.800000,4.001900,4,304,18.400000,396.230000,12.730000,21.000000,1.668829,4.830804,False,21.036814,-0.036814,0.011889,3.500000,False,Regular
321,0.167600,0.000000,7.380000,0,0.493000,6.426000,52.300000,4.540400,5,287,19.600000,396.900000,7.200000,23.800000,1.497481,4.830804,False,24.042368,-0.242368,0.078270,3.500000,False,Regular
322,0.181590,0.000000,7.380000,0,0.493000,6.376000,54.300000,4.540400,5,287,19.600000,396.900000,6.870000,23.100000,1.538199,4.830804,False,23.885091,-0.785091,0.253535,3.500000,False,Regular
323,0.351140,0.000000,7.380000,0,0.493000,6.041000,49.900000,4.721100,5,287,19.600000,396.900000,7.700000,20.400000,1.702134,4.830804,False,21.886674,-1.486674,0.480102,3.500000,False,Regular
324,0.283920,0.000000,7.380000,0,0.493000,5.708000,74.300000,4.721100,5,287,19.600000,391.130000,11.740000,18.500000,2.035229,4.830804,False,18.434115,0.065885,0.021277,3.500000,False,Regular
325,0.341090,0.000000,7.380000,0,0.493000,6.415000,40.100000,4.721100,5,287,19.600000,396.900000,6.120000,25.000000,1.871998,4.830804,False,24.391702,0.608298,0.196442,3.500000,False,Regular
326,0.191860,0.000000,7.380000,0,0.493000,6.431000,14.700000,5.415900,5,287,19.600000,393.680000,5.080000,24.600000,3.024266,4.830804,False,24.600000,0.000000,0.000000,3.500000,False,Regular
327,0.303470,0.000000,7.380000,0,0.493000,6.312000,28.900000,5.415900,5,287,19.600000,396.900000,6.150000,23.000000,2.408674,4.830804,False,23.378111,-0.378111,0.122106,3.500000,False,Regular
328,0.241030,0.000000,7.380000,0,0.493000,6.083000,43.700000,5.415900,5,287,19.600000,396.900000,12.790000,22.200000,2.091768,4.830804,False,19.671449,2.528551,0.816564,3.500000,False,Regular
329,0.066170,0.000000,3.240000,0,0.460000,5.868000,25.800000,5.214600,4,430,16.900000,382.440000,9.970000,19.300000,6.570703,4.830804,True,21.008876,-1.708876,0.551860,3.500000,False,Leverage only
330,0.067240,0.000000,3.240000,0,0.460000,6.333000,17.200000,5.214600,4,430,16.900000,375.210000,7.340000,22.600000,6.709962,4.830804,True,24.290354,-1.690354,0.545878,3.500000,False,Leverage only
331,0.045440,0.000000,3.240000,0,0.460000,6.144000,32.200000,5.873600,4,430,16.900000,368.570000,9.090000,19.800000,6.784204,4.830804,True,21.802169,-2.002169,0.646575,3.500000,False,Leverage only
332,0.050230,35.000000,6.060000,0,0.437900,5.706000,28.400000,6.640700,1,304,16.900000,394.020000,12.430000,17.100000,3.079435,4.830804,False,20.415964,-3.315964,1.070848,3.500000,False,Regular
333,0.034660,35.000000,6.060000,0,0.437900,6.031000,23.300000,6.640700,1,304,16.900000,362.250000,7.830000,19.400000,2.972489,4.830804,False,23.675451,-4.275451,1.380703,3.500000,False,Regular
334,0.050830,0.000000,5.190000,0,0.515000,6.316000,38.100000,6.458400,5,224,20.200000,389.710000,5.680000,22.200000,3.449372,4.830804,False,22.249071,-0.049071,0.015847,3.500000,False,Regular
335,0.037380,0.000000,5.190000,0,0.515000,6.310000,38.500000,6.458400,5,224,20.200000,389.400000,6.750000,20.700000,3.384755,4.830804,False,21.834912,-1.134912,0.366506,3.500000,False,Regular
336,0.039610,0.000000,5.190000,0,0.515000,6.037000,34.500000,5.985300,5,224,20.200000,396.900000,8.010000,21.100000,3.208209,4.830804,False,20.680882,0.419118,0.135349,3.500000,False,Regular
337,0.034270,0.000000,5.190000,0,0.515000,5.869000,46.300000,5.231100,5,224,20.200000,396.900000,9.800000,19.500000,2.861073,4.830804,False,19.831687,-0.331687,0.107114,3.500000,False,Regular
338,0.030410,0.000000,5.190000,0,0.515000,5.895000,59.600000,5.615000,5,224,20.200000,394.810000,10.560000,18.500000,2.835099,4.830804,False,19.026434,-0.526434,0.170005,3.500000,False,Regular
339,0.033060,0.000000,5.190000,0,0.515000,6.059000,37.300000,4.812200,5,224,20.200000,396.140000,8.510000,20.600000,2.987019,4.830804,False,21.796439,-1.196439,0.386375,3.500000,False,Regular
340,0.054970,0.000000,5.190000,0,0.515000,5.985000,45.400000,4.812200,5,224,20.200000,396.900000,9.740000,19.000000,2.828606,4.830804,False,20.855869,-1.855869,0.599329,3.500000,False,Regular
341,0.061510,0.000000,5.190000,0,0.515000,5.968000,58.500000,4.812200,5,224,20.200000,396.900000,9.290000,18.700000,2.718220,4.830804,False,20.687324,-1.987324,0.641781,3.500000,False,Regular
342,0.013010,35.000000,1.520000,0,0.442000,7.241000,49.300000,7.037900,1,284,15.500000,394.740000,5.490000,32.700000,3.847966,4.830804,False,30.536515,2.163485,0.698670,3.500000,False,Regular
343,0.024980,0.000000,1.890000,0,0.518000,6.540000,59.700000,6.266900,1,422,15.900000,389.960000,8.650000,16.500000,8.886404,4.830804,True,22.561064,-6.061064,1.957344,3.500000,False,Leverage only
344,0.025430,55.000000,3.780000,0,0.484000,6.696000,56.400000,5.732100,5,370,17.600000,396.900000,7.180000,23.900000,4.204481,4.830804,False,26.993257,-3.093257,0.998928,3.500000,False,Regular
345,0.030490,55.000000,3.780000,0,0.484000,6.874000,28.100000,6.465400,5,370,17.600000,387.970000,4.610000,31.200000,4.328273,4.830804,False,28.500683,2.699317,0.871710,3.500000,False,Regular
346,0.031130,0.000000,4.390000,0,0.442000,6.014000,48.500000,8.013600,3,352,18.800000,385.640000,10.530000,17.500000,5.983612,4.830804,True,17.500000,-0.000000,0.000000,3.500000,False,Leverage only
347,0.061620,0.000000,4.390000,0,0.442000,5.898000,52.300000,8.013600,3,352,18.800000,364.610000,12.670000,17.200000,5.981856,4.830804,True,16.119046,1.080954,0.349080,3.500000,False,Leverage only
348,0.018700,85.000000,4.150000,0,0.429000,6.516000,27.700000,8.535300,4,351,17.900000,392.430000,6.360000,23.100000,6.445717,4.830804,True,25.693964,-2.593964,0.837688,3.500000,False,Leverage only
349,0.015010,80.000000,2.010000,0,0.435000,6.635000,29.700000,8.344000,4,280,17.000000,390.940000,5.990000,24.500000,5.958493,4.830804,True,27.764188,-3.264188,1.054128,3.500000,False,Leverage only
350,0.028990,40.000000,1.250000,0,0.429000,6.939000,34.500000,8.792100,1,335,19.700000,389.850000,5.890000,26.600000,6.077978,4.830804,True,23.809230,2.790770,0.901244,3.500000,False,Leverage only
351,0.062110,40.000000,1.250000,0,0.429000,6.490000,44.400000,8.792100,1,335,19.700000,396.900000,5.980000,22.900000,5.924571,4.830804,True,21.476328,1.423672,0.459757,3.500000,False,Leverage only
352,0.079500,60.000000,1.690000,0,0.411000,6.579000,35.900000,10.710300,4,411,18.300000,370.780000,5.490000,24.100000,7.207354,4.830804,True,22.022954,2.077046,0.670756,3.500000,False,Leverage only
353,0.072440,60.000000,1.690000,0,0.411000,5.884000,18.500000,10.710300,4,411,18.300000,392.330000,7.790000,18.600000,7.020977,4.830804,True,18.270492,0.329508,0.106410,3.500000,False,Leverage only
354,0.017090,90.000000,2.020000,0,0.410000,6.728000,36.100000,12.126500,5,187,17.000000,384.460000,4.500000,30.100000,8.397995,4.830804,True,26.510235,3.589765,1.159269,3.500000,False,Leverage only
355,0.043010,80.000000,1.910000,0,0.413000,5.663000,21.900000,10.585700,4,334,22.000000,382.800000,8.050000,18.200000,8.204148,4.830804,True,15.878836,2.321164,0.749591,3.500000,False,Leverage only
356,0.106590,80.000000,1.910000,0,0.413000,5.936000,19.500000,10.585700,4,334,22.000000,376.040000,5.570000,20.600000,8.238036,4.830804,True,18.079783,2.520217,0.813872,3.500000,False,Leverage only
357,8.982960,0.000000,18.100000,1,0.770000,6.212000,97.400000,2.122200,24,666,20.200000,377.730000,17.600000,17.800000,2.969276,4.830804,False,16.676307,1.123693,0.362882,3.500000,False,Regular
358,3.849700,0.000000,18.100000,1,0.770000,6.395000,91.000000,2.505200,24,666,20.200000,391.340000,13.270000,21.700000,3.875646,4.830804,False,19.441855,2.258145,0.729239,3.500000,False,Regular
359,5.201770,0.000000,18.100000,1,0.770000,6.127000,83.400000,2.722700,24,666,20.200000,395.430000,11.480000,22.700000,3.971522,4.830804,False,18.560319,4.139681,1.336858,3.500000,False,Regular
360,4.261310,0.000000,18.100000,0,0.770000,6.112000,81.300000,2.509100,24,666,20.200000,390.740000,12.670000,22.600000,3.920119,4.830804,False,17.049306,5.550694,1.792526,3.500000,False,Regular
361,4.541920,0.000000,18.100000,0,0.770000,6.398000,88.000000,2.518200,24,666,20.200000,374.560000,7.790000,25.000000,4.412108,4.830804,False,19.954653,5.045347,1.629331,3.500000,False,Regular
362,3.836840,0.000000,18.100000,0,0.770000,6.251000,91.100000,2.295500,24,666,20.200000,350.650000,14.190000,19.900000,3.780949,4.830804,False,17.257133,2.642867,0.853480,3.500000,False,Regular
363,3.678220,0.000000,18.100000,0,0.770000,5.362000,96.200000,2.103600,24,666,20.200000,380.790000,10.190000,20.800000,5.088676,4.830804,True,14.628222,6.171778,1.993097,3.500000,False,Leverage only
364,4.222390,0.000000,18.100000,1,0.770000,5.803000,89.000000,1.904700,24,666,20.200000,353.040000,14.640000,16.800000,3.797038,4.830804,False,16.800000,0.000000,0.000000,3.500000,False,Regular
365,3.474280,0.000000,18.100000,1,0.718000,8.780000,82.900000,1.904700,24,666,20.200000,354.550000,5.290000,21.900000,6.041182,4.830804,True,34.940578,-13.040578,4.211289,3.500000,True,Leverage + response
366,4.555870,0.000000,18.100000,0,0.718000,3.561000,87.900000,1.613200,24,666,20.200000,354.700000,7.120000,27.500000,8.724602,4.830804,True,8.443753,19.056247,6.153974,3.500000,True,Leverage + response
367,3.696950,0.000000,18.100000,0,0.718000,4.963000,91.400000,1.752300,24,666,20.200000,316.030000,14.000000,21.900000,4.571495,4.830804,False,12.482296,9.417704,3.041328,3.500000,False,Regular
368,13.522200,0.000000,18.100000,0,0.631000,3.863000,100.000000,1.510600,24,666,20.200000,131.420000,13.330000,23.100000,8.055782,4.830804,True,7.437973,15.662027,5.057853,3.500000,True,Leverage + response
369,4.898220,0.000000,18.100000,0,0.631000,4.970000,100.000000,1.332500,24,666,20.200000,375.520000,3.260000,50.000000,7.178062,4.830804,True,17.500226,32.499774,10.495391,3.500000,True,Leverage + response
370,5.669980,0.000000,18.100000,1,0.631000,6.683000,96.800000,1.356700,24,666,20.200000,375.330000,3.730000,50.000000,4.487652,4.830804,False,26.721363,23.278637,7.517541,3.500000,True,Response only
371,6.538760,0.000000,18.100000,1,0.631000,7.016000,97.500000,1.202400,24,666,20.200000,392.050000,2.960000,50.000000,4.549741,4.830804,False,28.599199,21.400801,6.911118,3.500000,True,Response only
372,9.232300,0.000000,18.100000,0,0.631000,6.216000,100.000000,1.169100,24,666,20.200000,366.150000,9.530000,50.000000,3.875642,4.830804,False,20.749379,29.250621,9.446118,3.500000,True,Response only
373,8.267250,0.000000,18.100000,1,0.668000,5.875000,89.600000,1.129600,24,666,20.200000,347.880000,8.880000,50.000000,3.891550,4.830804,False,20.699817,29.300183,9.462123,3.500000,True,Response only
374,11.108100,0.000000,18.100000,0,0.668000,4.906000,100.000000,1.174200,24,666,20.200000,396.900000,34.770000,13.800000,4.508078,4.830804,False,4.942063,8.857937,2.860559,3.500000,False,Regular
375,18.498200,0.000000,18.100000,0,0.668000,4.138000,100.000000,1.137000,24,666,20.200000,396.900000,37.970000,13.800000,6.366381,4.830804,True,-0.702275,14.502275,4.683326,3.500000,True,Leverage + response
376,19.609100,0.000000,18.100000,0,0.671000,7.313000,97.900000,1.316300,24,666,20.200000,396.900000,13.440000,15.000000,6.387571,4.830804,True,22.601869,-7.601869,2.454927,3.500000,False,Leverage only
377,15.288000,0.000000,18.100000,0,0.671000,6.649000,93.300000,1.344900,24,666,20.200000,363.020000,23.240000,13.900000,3.745853,4.830804,False,16.606341,-2.706341,0.873979,3.500000,False,Regular
378,9.823490,0.000000,18.100000,0,0.671000,6.794000,98.800000,1.358000,24,666,20.200000,396.900000,21.240000,13.300000,2.568016,4.830804,False,18.574293,-5.274293,1.703266,3.500000,False,Regular
379,23.648200,0.000000,18.100000,0,0.671000,6.380000,96.200000,1.386100,24,666,20.200000,396.900000,23.690000,13.100000,7.290743,4.830804,True,14.022320,-0.922320,0.297852,3.500000,False,Leverage only
380,17.866700,0.000000,18.100000,0,0.671000,6.223000,100.000000,1.386100,24,666,20.200000,393.740000,21.780000,10.200000,4.647056,4.830804,False,14.625695,-4.425695,1.429222,3.500000,False,Regular
381,88.976200,0.000000,18.100000,0,0.671000,6.968000,91.900000,1.416500,24,666,20.200000,396.900000,17.210000,10.400000,41.181971,4.830804,True,10.838397,-0.438397,0.141575,3.500000,False,Leverage only
382,15.874400,0.000000,18.100000,0,0.671000,6.545000,99.100000,1.519200,24,666,20.200000,396.900000,21.080000,10.900000,3.827074,4.830804,False,16.516374,-5.616374,1.813737,3.500000,False,Regular
383,9.187020,0.000000,18.100000,0,0.700000,5.536000,100.000000,1.580400,24,666,20.200000,396.900000,23.600000,11.300000,2.251535,4.830804,False,11.301359,-0.001359,0.000439,3.500000,False,Regular
384,7.992480,0.000000,18.100000,0,0.700000,5.520000,100.000000,1.533100,24,666,20.200000,396.900000,24.560000,12.300000,2.519476,4.830804,False,11.086950,1.213050,0.391739,3.500000,False,Regular
385,20.084900,0.000000,18.100000,0,0.700000,4.368000,91.200000,1.439500,24,666,20.200000,285.830000,30.630000,8.800000,6.450474,4.830804,True,2.247756,6.552244,2.115964,3.500000,False,Leverage only
386,16.811800,0.000000,18.100000,0,0.700000,5.277000,98.100000,1.426100,24,666,20.200000,396.900000,30.810000,7.200000,4.470390,4.830804,False,6.753996,0.446004,0.144031,3.500000,False,Regular
387,24.393800,0.000000,18.100000,0,0.700000,4.652000,100.000000,1.467200,24,666,20.200000,396.900000,28.280000,10.500000,8.177828,4.830804,True,3.673880,6.826120,2.204409,3.500000,False,Leverage only
388,22.597100,0.000000,18.100000,0,0.700000,5.000000,89.500000,1.518400,24,666,20.200000,396.900000,31.990000,7.400000,6.946558,4.830804,True,4.363461,3.036539,0.980612,3.500000,False,Leverage only
389,14.333700,0.000000,18.100000,0,0.700000,4.880000,100.000000,1.589500,24,666,20.200000,372.920000,30.620000,10.200000,3.992174,4.830804,False,5.062118,5.137882,1.659214,3.500000,False,Regular
390,8.151740,0.000000,18.100000,0,0.700000,5.390000,98.900000,1.728100,24,666,20.200000,396.900000,20.850000,11.500000,2.442553,4.830804,False,11.588268,-0.088268,0.028505,3.500000,False,Regular
391,6.962150,0.000000,18.100000,0,0.700000,5.713000,97.000000,1.926500,24,666,20.200000,394.430000,17.110000,15.100000,2.344376,4.830804,False,14.411416,0.688584,0.222370,3.500000,False,Regular
392,5.293050,0.000000,18.100000,0,0.700000,6.051000,82.500000,2.167800,24,666,20.200000,378.380000,18.760000,23.200000,2.538406,4.830804,False,15.643996,7.556004,2.440116,3.500000,False,Regular
393,11.577900,0.000000,18.100000,0,0.700000,5.036000,97.000000,1.770000,24,666,20.200000,396.900000,25.680000,9.700000,3.051478,4.830804,False,7.765631,1.934369,0.624680,3.500000,False,Regular
394,8.644760,0.000000,18.100000,0,0.693000,6.193000,92.600000,1.791200,24,666,20.200000,396.900000,15.170000,13.800000,1.979937,4.830804,False,17.452203,-3.652203,1.179433,3.500000,False,Regular
395,13.359800,0.000000,18.100000,0,0.693000,5.887000,94.700000,1.782100,24,666,20.200000,396.900000,16.350000,12.700000,3.443489,4.830804,False,14.966384,-2.266384,0.731900,3.500000,False,Regular
396,8.716750,0.000000,18.100000,0,0.693000,6.471000,98.800000,1.725700,24,666,20.200000,391.980000,17.120000,13.100000,1.798710,4.830804,False,18.008559,-4.908559,1.585157,3.500000,False,Regular
397,5.872050,0.000000,18.100000,0,0.693000,6.405000,96.000000,1.676800,24,666,20.200000,396.900000,19.370000,12.500000,2.450869,4.830804,False,17.365201,-4.865201,1.571155,3.500000,False,Regular
398,7.672020,0.000000,18.100000,0,0.693000,5.747000,98.900000,1.633400,24,666,20.200000,393.100000,19.920000,8.500000,2.063667,4.830804,False,13.840836,-5.340836,1.724755,3.500000,False,Regular
399,38.351800,0.000000,18.100000,0,0.693000,5.453000,100.000000,1.489600,24,666,20.200000,396.900000,30.590000,5.000000,14.347892,4.830804,True,4.903707,0.096293,0.031096,3.500000,False,Leverage only
400,9.916550,0.000000,18.100000,0,0.693000,5.852000,77.800000,1.500400,24,666,20.200000,338.160000,29.970000,6.300000,4.017507,4.830804,False,11.018616,-4.718616,1.523817,3.500000,False,Regular
401,25.046100,0.000000,18.100000,0,0.693000,5.987000,100.000000,1.588800,24,666,20.200000,396.900000,26.770000,5.600000,7.874142,4.830804,True,10.354633,-4.754633,1.535448,3.500000,False,Leverage only
402,14.236200,0.000000,18.100000,0,0.693000,6.343000,100.000000,1.574100,24,666,20.200000,396.900000,20.320000,7.200000,3.114372,4.830804,False,15.707142,-8.507142,2.747274,3.500000,False,Regular
403,9.595710,0.000000,18.100000,0,0.693000,6.404000,100.000000,1.639000,24,666,20.200000,376.110000,20.310000,12.100000,1.856020,4.830804,False,16.517993,-4.417993,1.426735,3.500000,False,Regular
404,24.801700,0.000000,18.100000,0,0.693000,5.349000,96.000000,1.702800,24,666,20.200000,396.900000,19.770000,8.300000,8.745707,4.830804,True,9.829846,-1.529846,0.494044,3.500000,False,Leverage only
405,41.529200,0.000000,18.100000,0,0.693000,5.531000,85.400000,1.607400,24,666,20.200000,329.460000,27.380000,8.500000,16.172178,4.830804,True,6.158293,2.341707,0.756225,3.500000,False,Leverage only
406,67.920800,0.000000,18.100000,0,0.693000,5.683000,100.000000,1.425400,24,666,20.200000,384.970000,22.980000,5.000000,30.120610,4.830804,True,5.000000,-0.000000,0.000000,3.500000,False,Leverage only
407,20.716200,0.000000,18.100000,0,0.659000,4.138000,100.000000,1.178100,24,666,20.200000,370.220000,23.340000,11.900000,7.863205,4.830804,True,4.277386,7.622614,2.461627,3.500000,False,Leverage only
408,11.951100,0.000000,18.100000,0,0.659000,5.608000,100.000000,1.285200,24,666,20.200000,332.090000,12.130000,27.900000,4.470796,4.830804,False,16.166085,11.733915,3.789319,3.500000,True,Response only
409,7.403890,0.000000,18.100000,0,0.597000,5.617000,97.900000,1.454700,24,666,20.200000,314.640000,26.400000,17.200000,3.926537,4.830804,False,12.318301,4.881699,1.576483,3.500000,False,Regular
410,14.438300,0.000000,18.100000,0,0.597000,6.852000,100.000000,1.465500,24,666,20.200000,179.360000,19.780000,27.500000,4.076122,4.830804,False,19.527791,7.972209,2.574524,3.500000,False,Regular
411,51.135800,0.000000,18.100000,0,0.597000,5.757000,100.000000,1.413000,24,666,20.200000,2.600000,10.110000,15.000000,23.276253,4.830804,True,13.212859,1.787141,0.577134,3.500000,False,Leverage only
412,14.050700,0.000000,18.100000,0,0.597000,6.657000,100.000000,1.527500,24,666,20.200000,35.050000,21.220000,17.200000,3.852768,4.830804,False,18.083664,-0.883664,0.285368,3.500000,False,Regular
413,18.811000,0.000000,18.100000,0,0.597000,4.628000,100.000000,1.553900,24,666,20.200000,28.790000,34.370000,17.900000,6.250497,4.830804,True,3.246785,14.653215,4.732070,3.500000,True,Leverage + response
414,28.655800,0.000000,18.100000,0,0.597000,5.155000,100.000000,1.589400,24,666,20.200000,210.970000,20.080000,16.300000,10.954495,4.830804,True,9.511233,6.788767,2.192346,3.500000,False,Leverage only
415,45.746100,0.000000,18.100000,0,0.693000,4.519000,100.000000,1.658200,24,666,20.200000,88.270000,36.980000,7.000000,17.990942,4.830804,True,-2.872190,9.872190,3.188099,3.500000,False,Leverage only
416,18.084600,0.000000,18.100000,0,0.679000,6.434000,100.000000,1.834700,24,666,20.200000,27.250000,29.050000,7.200000,5.012523,4.830804,True,12.436117,-5.236117,1.690938,3.500000,False,Leverage only
417,10.834200,0.000000,18.100000,0,0.679000,6.782000,90.800000,1.819500,24,666,20.200000,21.570000,25.790000,7.500000,3.556307,4.830804,False,16.340184,-8.840184,2.854825,3.500000,False,Regular
418,25.940600,0.000000,18.100000,0,0.679000,5.304000,89.100000,1.647500,24,666,20.200000,127.360000,26.640000,10.400000,8.522893,4.830804,True,7.389666,3.010334,0.972149,3.500000,False,Leverage only
419,73.534100,0.000000,18.100000,0,0.679000,5.957000,100.000000,1.802600,24,666,20.200000,16.450000,20.620000,8.800000,33.261039,4.830804,True,6.180835,2.619165,0.845826,3.500000,False,Leverage only
420,11.812300,0.000000,18.100000,0,0.718000,6.824000,76.500000,1.794000,24,666,20.200000,48.450000,22.740000,8.400000,3.670942,4.830804,False,17.327760,-8.927760,2.883107,3.500000,False,Regular
421,11.087400,0.000000,18.100000,0,0.718000,6.411000,100.000000,1.858900,24,666,20.200000,318.750000,15.020000,16.700000,2.753949,4.830804,False,17.708885,-1.008885,0.325807,3.500000,False,Regular
422,7.022590,0.000000,18.100000,0,0.718000,6.006000,95.300000,1.874600,24,666,20.200000,319.980000,15.700000,14.200000,2.313817,4.830804,False,16.153056,-1.953056,0.630715,3.500000,False,Regular
423,12.048200,0.000000,18.100000,0,0.614000,5.648000,87.600000,1.951200,24,666,20.200000,291.550000,14.100000,20.800000,3.842920,4.830804,False,15.709405,5.090595,1.643943,3.500000,False,Regular
424,7.050420,0.000000,18.100000,0,0.614000,6.103000,85.100000,2.021800,24,666,20.200000,2.520000,23.290000,13.400000,3.059265,4.830804,False,15.189728,-1.789728,0.577970,3.500000,False,Regular
425,8.792120,0.000000,18.100000,0,0.584000,5.565000,70.600000,2.063500,24,666,20.200000,3.650000,17.160000,11.700000,3.023637,4.830804,False,15.207301,-3.507301,1.132639,3.500000,False,Regular
426,15.860300,0.000000,18.100000,0,0.679000,5.896000,95.400000,1.909600,24,666,20.200000,7.680000,24.390000,8.300000,3.709400,4.830804,False,11.854097,-3.554097,1.147751,3.500000,False,Regular
427,12.247200,0.000000,18.100000,0,0.584000,5.837000,59.700000,1.997600,24,666,20.200000,24.650000,15.690000,10.200000,3.549474,4.830804,False,16.844471,-6.644471,2.145748,3.500000,False,Regular
428,37.661900,0.000000,18.100000,0,0.679000,6.202000,78.700000,1.862900,24,666,20.200000,18.820000,14.520000,10.900000,15.406392,4.830804,True,14.394142,-3.494142,1.128389,3.500000,False,Leverage only
429,7.367110,0.000000,18.100000,0,0.679000,6.193000,78.100000,1.935600,24,666,20.200000,96.730000,21.520000,11.000000,2.462562,4.830804,False,15.647402,-4.647402,1.500820,3.500000,False,Regular
430,9.338890,0.000000,18.100000,0,0.679000,6.380000,95.600000,1.968200,24,666,20.200000,60.720000,24.080000,9.500000,2.463749,4.830804,False,15.000687,-5.500687,1.776377,3.500000,False,Regular
431,8.492130,0.000000,18.100000,0,0.584000,6.348000,86.100000,2.052700,24,666,20.200000,83.450000,17.640000,14.500000,2.705000,4.830804,False,18.471987,-3.971987,1.282703,3.500000,False,Regular
432,10.062300,0.000000,18.100000,0,0.584000,6.833000,94.300000,2.088200,24,666,20.200000,81.330000,19.690000,14.100000,3.265987,4.830804,False,19.630327,-5.530327,1.785949,3.500000,False,Regular
433,6.444050,0.000000,18.100000,0,0.584000,6.425000,74.800000,2.200400,24,666,20.200000,97.950000,12.030000,16.100000,2.857788,4.830804,False,21.144127,-5.044127,1.628937,3.500000,False,Regular
434,5.581070,0.000000,18.100000,0,0.713000,6.436000,87.900000,2.315800,24,666,20.200000,100.190000,16.220000,14.300000,2.480858,4.830804,False,17.904316,-3.604316,1.163968,3.500000,False,Regular
435,13.913400,0.000000,18.100000,0,0.713000,6.208000,95.000000,2.222200,24,666,20.200000,100.630000,15.170000,11.700000,3.874970,4.830804,False,16.112627,-4.412627,1.425002,3.500000,False,Regular
436,11.160400,0.000000,18.100000,0,0.740000,6.629000,94.600000,2.124700,24,666,20.200000,109.850000,23.270000,13.400000,3.180644,4.830804,False,15.350661,-1.950661,0.629941,3.500000,False,Regular
437,14.420800,0.000000,18.100000,0,0.740000,6.461000,93.300000,2.002600,24,666,20.200000,27.490000,18.050000,9.600000,3.823370,4.830804,False,16.155463,-6.555463,2.117004,3.500000,False,Regular
438,15.177200,0.000000,18.100000,0,0.740000,6.152000,100.000000,1.914200,24,666,20.200000,9.320000,26.450000,8.700000,3.864057,4.830804,False,11.590448,-2.890448,0.933433,3.500000,False,Regular
439,13.678100,0.000000,18.100000,0,0.740000,5.935000,87.900000,1.820600,24,666,20.200000,68.950000,34.020000,8.400000,4.924107,4.830804,True,8.400000,-0.000000,0.000000,3.500000,False,Leverage only
440,9.390630,0.000000,18.100000,0,0.740000,5.627000,93.900000,1.817200,24,666,20.200000,396.900000,22.880000,12.800000,2.494343,4.830804,False,11.345097,1.454903,0.469842,3.500000,False,Regular
441,22.051100,0.000000,18.100000,0,0.740000,5.818000,92.400000,1.866200,24,666,20.200000,391.450000,22.110000,10.500000,7.006629,4.830804,True,10.884427,-0.384427,0.124146,3.500000,False,Leverage only
442,9.724180,0.000000,18.100000,0,0.740000,6.406000,97.200000,2.065100,24,666,20.200000,385.960000,19.520000,17.100000,2.416991,4.830804,False,15.831475,1.268525,0.409654,3.500000,False,Regular
443,5.666370,0.000000,18.100000,0,0.740000,6.219000,100.000000,2.004800,24,666,20.200000,395.690000,16.590000,18.400000,2.708976,4.830804,False,16.520066,1.879934,0.607101,3.500000,False,Regular
444,9.966540,0.000000,18.100000,0,0.740000,6.485000,100.000000,1.978400,24,666,20.200000,386.730000,18.850000,15.400000,2.447972,4.830804,False,16.448714,-1.048714,0.338669,3.500000,False,Regular
445,12.802300,0.000000,18.100000,0,0.740000,5.854000,96.600000,1.895600,24,666,20.200000,240.520000,23.790000,10.800000,2.962682,4.830804,False,11.520945,-0.720945,0.232820,3.500000,False,Regular
446,10.671800,0.000000,18.100000,0,0.740000,6.459000,94.800000,1.987900,24,666,20.200000,43.060000,23.980000,11.800000,2.990972,4.830804,False,14.502833,-2.702833,0.872846,3.500000,False,Regular
447,6.288070,0.000000,18.100000,0,0.740000,6.341000,96.400000,2.072000,24,666,20.200000,318.010000,17.790000,14.900000,2.586652,4.830804,False,16.584923,-1.684923,0.544125,3.500000,False,Regular
448,9.924850,0.000000,18.100000,0,0.740000,6.251000,96.600000,2.198000,24,666,20.200000,388.520000,16.440000,12.600000,2.654143,4.830804,False,16.042561,-3.442561,1.111731,3.500000,False,Regular
449,9.329090,0.000000,18.100000,0,0.713000,6.185000,98.700000,2.261600,24,666,20.200000,396.900000,18.130000,14.100000,2.020504,4.830804,False,15.423638,-1.323638,0.427452,3.500000,False,Regular
450,7.526010,0.000000,18.100000,0,0.713000,6.417000,98.300000,2.185000,24,666,20.200000,304.210000,19.310000,13.000000,2.110085,4.830804,False,16.412124,-3.412124,1.101902,3.500000,False,Regular
451,6.717720,0.000000,18.100000,0,0.713000,6.749000,92.600000,2.323600,24,666,20.200000,0.320000,17.440000,13.400000,2.533878,4.830804,False,18.699976,-5.299976,1.711560,3.500000,False,Regular
452,5.441140,0.000000,18.100000,0,0.713000,6.655000,98.200000,2.355200,24,666,20.200000,355.290000,17.730000,15.200000,2.742057,4.830804,False,18.178118,-2.978118,0.961746,3.500000,False,Regular
453,5.090170,0.000000,18.100000,0,0.713000,6.297000,91.800000,2.368200,24,666,20.200000,385.090000,17.270000,16.100000,2.584900,4.830804,False,16.811379,-0.711379,0.229731,3.500000,False,Regular
454,8.248090,0.000000,18.100000,0,0.713000,7.393000,99.300000,2.452700,24,666,20.200000,375.870000,16.740000,17.800000,3.364086,4.830804,False,21.516597,-3.716597,1.200228,3.500000,False,Regular
455,9.513630,0.000000,18.100000,0,0.713000,6.728000,94.100000,2.496100,24,666,20.200000,6.680000,18.710000,14.900000,2.476361,4.830804,False,17.584042,-2.684042,0.866777,3.500000,False,Regular
456,4.752370,0.000000,18.100000,0,0.713000,6.525000,86.500000,2.435800,24,666,20.200000,50.920000,18.130000,14.100000,2.998795,4.830804,False,17.648630,-3.548630,1.145985,3.500000,False,Regular
457,4.668830,0.000000,18.100000,0,0.713000,5.976000,87.900000,2.580600,24,666,20.200000,10.480000,19.010000,12.700000,2.826245,4.830804,False,14.587501,-1.887501,0.609544,3.500000,False,Regular
458,8.200580,0.000000,18.100000,0,0.713000,5.936000,80.300000,2.779200,24,666,20.200000,3.500000,16.940000,13.500000,2.322752,4.830804,False,14.619799,-1.119799,0.361625,3.500000,False,Regular
459,7.752230,0.000000,18.100000,0,0.713000,6.301000,83.700000,2.783100,24,666,20.200000,272.210000,16.230000,14.900000,2.281913,4.830804,False,16.575424,-1.675424,0.541057,3.500000,False,Regular
460,6.801170,0.000000,18.100000,0,0.713000,6.081000,84.400000,2.717500,24,666,20.200000,396.900000,14.700000,20.000000,2.451874,4.830804,False,16.262342,3.737658,1.207029,3.500000,False,Regular
461,4.812130,0.000000,18.100000,0,0.713000,6.701000,90.000000,2.597500,24,666,20.200000,255.230000,16.420000,16.400000,2.973770,4.830804,False,18.838040,-2.438040,0.787334,3.500000,False,Regular
462,3.693110,0.000000,18.100000,0,0.713000,6.376000,88.400000,2.567100,24,666,20.200000,391.430000,14.650000,17.700000,3.064763,4.830804,False,18.144456,-0.444456,0.143532,3.500000,False,Regular
463,6.654920,0.000000,18.100000,0,0.713000,6.317000,83.000000,2.734400,24,666,20.200000,396.900000,13.990000,19.500000,2.483695,4.830804,False,17.650517,1.849483,0.597267,3.500000,False,Regular
464,5.821150,0.000000,18.100000,0,0.713000,6.513000,89.900000,2.801600,24,666,20.200000,393.820000,10.290000,20.200000,3.111710,4.830804,False,19.790081,0.409919,0.132378,3.500000,False,Regular
465,7.839320,0.000000,18.100000,0,0.655000,6.209000,65.400000,2.963400,24,666,20.200000,396.900000,13.220000,21.400000,2.173011,4.830804,False,18.050201,3.349799,1.081775,3.500000,False,Regular
466,3.163600,0.000000,18.100000,0,0.655000,5.759000,48.200000,3.066500,24,666,20.200000,334.400000,14.130000,19.900000,3.551281,4.830804,False,16.422669,3.477331,1.122960,3.500000,False,Regular
467,3.774980,0.000000,18.100000,0,0.655000,5.952000,84.700000,2.871500,24,666,20.200000,22.010000,17.150000,19.000000,2.805885,4.830804,False,15.695210,3.304790,1.067240,3.500000,False,Regular
468,4.422280,0.000000,18.100000,0,0.584000,6.003000,94.500000,2.540300,24,666,20.200000,331.290000,21.320000,19.100000,3.733335,4.830804,False,15.385662,3.714338,1.199498,3.500000,False,Regular
469,15.575700,0.000000,18.100000,0,0.580000,5.926000,71.000000,2.908400,24,666,20.200000,368.740000,18.130000,19.100000,4.411872,4.830804,False,14.842974,4.257026,1.374753,3.500000,False,Regular
470,13.075100,0.000000,18.100000,0,0.580000,5.713000,56.700000,2.823700,24,666,20.200000,396.900000,14.760000,20.100000,3.935434,4.830804,False,15.717100,4.382900,1.415402,3.500000,False,Regular
471,4.348790,0.000000,18.100000,0,0.580000,6.167000,84.000000,3.033400,24,666,20.200000,396.900000,16.290000,19.900000,3.180036,4.830804,False,17.676751,2.223249,0.717970,3.500000,False,Regular
472,4.038410,0.000000,18.100000,0,0.532000,6.229000,90.700000,3.099300,24,666,20.200000,395.330000,12.870000,19.600000,4.247800,4.830804,False,19.600000,-0.000000,0.000000,3.500000,False,Regular
473,3.568680,0.000000,18.100000,0,0.580000,6.437000,75.000000,2.896500,24,666,20.200000,393.370000,14.360000,23.200000,3.374583,4.830804,False,20.045109,3.154891,1.018832,3.500000,False,Regular
474,4.646890,0.000000,18.100000,0,0.614000,6.980000,67.600000,2.532900,24,666,20.200000,374.680000,11.660000,29.800000,3.104958,4.830804,False,23.536735,6.263265,2.022642,3.500000,False,Regular
475,8.055790,0.000000,18.100000,0,0.584000,5.427000,95.400000,2.429800,24,666,20.200000,352.580000,18.140000,13.800000,3.368015,4.830804,False,13.447593,0.352407,0.113805,3.500000,False,Regular
476,6.393120,0.000000,18.100000,0,0.584000,6.162000,97.400000,2.206000,24,666,20.200000,302.760000,24.100000,13.300000,3.765355,4.830804,False,15.193856,-1.893856,0.611597,3.500000,False,Regular
477,4.871410,0.000000,18.100000,0,0.614000,6.484000,93.600000,2.305300,24,666,20.200000,396.210000,18.680000,16.700000,3.082392,4.830804,False,18.433367,-1.733367,0.559769,3.500000,False,Regular
478,15.023400,0.000000,18.100000,0,0.614000,5.304000,97.300000,2.100700,24,666,20.200000,349.480000,24.910000,12.000000,4.071420,4.830804,False,9.533400,2.466600,0.796557,3.500000,False,Regular
479,10.233000,0.000000,18.100000,0,0.614000,6.185000,96.700000,2.170500,24,666,20.200000,379.700000,18.030000,14.600000,2.403670,4.830804,False,16.662582,-2.062582,0.666085,3.500000,False,Regular
480,14.333700,0.000000,18.100000,0,0.614000,6.229000,88.000000,1.951200,24,666,20.200000,383.320000,13.110000,21.400000,4.280603,4.830804,False,18.492943,2.907057,0.938797,3.500000,False,Regular
481,5.824010,0.000000,18.100000,0,0.532000,6.242000,64.700000,3.424200,24,666,20.200000,396.900000,10.740000,23.000000,3.591723,4.830804,False,20.338619,2.661381,0.859459,3.500000,False,Regular
482,5.708180,0.000000,18.100000,0,0.532000,6.750000,74.900000,3.331700,24,666,20.200000,393.070000,7.740000,23.700000,4.006185,4.830804,False,23.710855,-0.010855,0.003505,3.500000,False,Regular
483,5.731160,0.000000,18.100000,0,0.532000,7.061000,77.000000,3.410600,24,666,20.200000,395.280000,7.010000,25.000000,4.189931,4.830804,False,25.305193,-0.305193,0.098558,3.500000,False,Regular
484,2.818380,0.000000,18.100000,0,0.532000,5.762000,40.300000,4.098300,24,666,20.200000,392.920000,10.420000,21.800000,4.256560,4.830804,False,18.326605,3.473395,1.121689,3.500000,False,Regular
485,2.378570,0.000000,18.100000,0,0.583000,5.871000,41.900000,3.724000,24,666,20.200000,370.730000,13.340000,20.600000,3.913283,4.830804,False,17.613345,2.986655,0.964502,3.500000,False,Regular
486,3.673670,0.000000,18.100000,0,0.583000,6.312000,51.900000,3.991700,24,666,20.200000,388.620000,10.580000,21.200000,3.340096,4.830804,False,20.028775,1.171225,0.378232,3.500000,False,Regular
487,5.691750,0.000000,18.100000,0,0.583000,6.114000,79.800000,3.545900,24,666,20.200000,392.680000,14.980000,19.100000,2.749856,4.830804,False,17.223508,1.876492,0.605989,3.500000,False,Regular
488,4.835670,0.000000,18.100000,0,0.583000,5.905000,53.200000,3.152300,24,666,20.200000,388.220000,11.450000,20.600000,3.145835,4.830804,False,18.523989,2.076011,0.670421,3.500000,False,Regular
489,0.150860,0.000000,27.740000,0,0.609000,5.454000,92.700000,1.820900,4,711,20.100000,395.090000,18.060000,15.200000,8.546588,4.830804,True,11.277745,3.922255,1.266643,3.500000,False,Leverage only
490,0.183370,0.000000,27.740000,0,0.609000,5.414000,98.300000,1.755400,4,711,20.100000,344.050000,23.970000,7.000000,8.521899,4.830804,True,8.949631,-1.949631,0.629609,3.500000,False,Leverage only
491,0.207460,0.000000,27.740000,0,0.609000,5.093000,98.000000,1.822600,4,711,20.100000,318.430000,29.680000,8.100000,8.794923,4.830804,True,5.344495,2.755505,0.889855,3.500000,False,Leverage only
492,0.105740,0.000000,27.740000,0,0.609000,5.983000,98.800000,1.868100,4,711,20.100000,390.110000,18.070000,13.600000,8.612658,4.830804,True,13.600000,-0.000000,0.000000,3.500000,False,Leverage only
493,0.111320,0.000000,27.740000,0,0.609000,5.983000,83.500000,2.109900,4,711,20.100000,396.900000,13.350000,20.100000,8.817370,4.830804,True,15.309371,4.790629,1.547073,3.500000,False,Leverage only
494,0.173310,0.000000,9.690000,0,0.585000,5.707000,54.000000,2.381700,6,391,19.200000,396.900000,12.010000,21.800000,2.787781,4.830804,False,19.470252,2.329748,0.752363,3.500000,False,Regular
495,0.279570,0.000000,9.690000,0,0.585000,5.926000,42.600000,2.381700,6,391,19.200000,396.900000,13.590000,24.500000,3.236356,4.830804,False,20.139948,4.360052,1.408023,3.500000,False,Regular
496,0.178990,0.000000,9.690000,0,0.585000,5.670000,28.800000,2.798600,6,391,19.200000,393.290000,17.600000,23.100000,4.346337,4.830804,False,17.345005,5.754995,1.858503,3.500000,False,Regular
497,0.289600,0.000000,9.690000,0,0.585000,5.390000,72.900000,2.798600,6,391,19.200000,396.900000,21.140000,19.700000,3.166176,4.830804,False,13.923989,5.776011,1.865290,3.500000,False,Regular
498,0.268380,0.000000,9.690000,0,0.585000,5.794000,70.600000,2.892700,6,391,19.200000,396.900000,14.100000,18.300000,2.199118,4.830804,False,18.269594,0.030406,0.009819,3.500000,False,Regular
499,0.239120,0.000000,9.690000,0,0.585000,6.019000,65.300000,2.409100,6,391,19.200000,396.900000,12.920000,21.200000,2.267594,4.830804,False,20.361805,0.838195,0.270684,3.500000,False,Regular
500,0.177830,0.000000,9.690000,0,0.585000,5.569000,73.500000,2.399900,6,391,19.200000,395.770000,15.100000,17.500000,2.487301,4.830804,False,17.335615,0.164385,0.053086,3.500000,False,Regular
501,0.224380,0.000000,9.690000,0,0.585000,6.027000,79.700000,2.498200,6,391,19.200000,396.900000,14.330000,16.800000,2.040093,4.830804,False,19.533752,-2.733752,0.882831,3.500000,False,Regular
502,0.062630,0.000000,11.930000,0,0.573000,6.593000,69.100000,2.478600,1,273,21.000000,391.990000,9.670000,22.400000,3.128729,4.830804,False,23.264240,-0.864240,0.279095,3.500000,False,Regular
503,0.045270,0.000000,11.930000,0,0.573000,6.120000,76.700000,2.287500,1,273,21.000000,396.900000,9.080000,20.600000,3.165133,4.830804,False,21.312361,-0.712361,0.230048,3.500000,False,Regular
504,0.060760,0.000000,11.930000,0,0.573000,6.976000,91.000000,2.167500,1,273,21.000000,396.900000,5.640000,23.900000,3.737552,4.830804,False,26.410814,-2.510814,0.810836,3.500000,False,Regular
505,0.109590,0.000000,11.930000,0,0.573000,6.794000,89.300000,2.388900,1,273,21.000000,393.450000,6.480000,22.000000,3.501220,4.830804,False,25.048873,-3.048873,0.984595,3.500000,False,Regular
506,0.047410,0.000000,11.930000,0,0.573000,6.030000,80.800000,2.505000,1,273,21.000000,396.900000,7.880000,11.900000,3.344389,4.830804,False,21.007753,-9.107753,2.941233,3.500000,False,Regular
