RecordID,Actual,OLSPrediction,LADPrediction,OLSResidual,LADResidual
1,79.9861107600,53.4728590997,54.7981174866,26.5132516603,25.1879932734
2,61.8873657600,53.7433118537,55.2180686823,8.1440539063,6.6692970777
3,40.2695352560,56.8119474646,66.6264654700,-16.5424122086,-26.3569302140
4,41.0527799920,67.6633813712,81.3503955858,-26.6106013792,-40.2976155938
5,44.2960750960,60.9172319723,74.9696341312,-16.6211568763,-30.6735590352
6,47.0298474360,26.8577084309,28.8854791688,20.1721390051,18.1443682672
7,43.6982994040,68.4204366633,82.2426261604,-24.7221372593,-38.5443267564
8,36.4477697880,29.9264027000,30.0114214337,6.5213670880,6.4363483543
9,45.8542908560,19.7757199866,19.2761774089,26.0785708694,26.5781134471
10,39.2897898600,31.4405132843,31.7958825829,7.8492765757,7.4939072771
11,38.0742436720,30.0763145536,33.1226748547,7.9979291184,4.9515688173
12,28.0216835920,22.9943261093,23.5133730949,5.0273574827,4.5083104971
13,43.0129602600,58.3260580489,68.4109266192,-15.3130977889,-25.3979663592
14,42.3269316400,25.6464199634,27.4579102494,16.6805116766,14.8690213906
15,47.8137816480,20.3813642203,19.9899618686,27.4324174277,27.8238197794
16,52.9083198120,28.6746411320,31.0268325478,24.2336786800,21.8814872642
17,39.3580479840,31.8672203897,35.3851040520,7.4908275943,3.9729439320
18,56.1419622520,59.4810424174,72.9349510550,-3.3390801654,-16.7929888030
19,40.5632520320,37.0083911443,39.6207231935,3.5548608877,0.9425288385
20,42.6206484160,48.8028075348,55.3541707683,-6.1821591188,-12.7335223523
21,41.8367142040,48.0457522426,54.4619401937,-6.2090380386,-12.6252259897
22,28.2374895800,24.7852319454,25.7758022922,3.4522576346,2.4616872878
23,8.0634218200,21.9295914437,21.9010838406,-13.8661696237,-13.8376620206
24,44.2078221680,42.1475261960,49.3340904775,2.0602959720,-5.1262683095
25,52.5166974440,60.0866866511,73.6487355147,-7.5699892071,-21.1320380707
26,53.3006316560,49.2352527445,58.9248053988,4.0653789115,-5.6241737428
27,41.1513750600,57.5690027567,67.5186960446,-16.4176276967,-26.3673209846
28,52.1243856000,38.3493027045,44.2620345136,13.7750828955,7.8623510864
29,37.4275151840,30.6834579921,30.9036520083,6.7440571919,6.5238631757
30,38.6037612400,29.0417752628,28.5411190836,9.5619859772,10.0626421564
31,55.2601224480,58.8753981836,72.2211665953,-3.6152757356,-16.9610441473
32,52.9083198120,58.2697539499,71.5073821356,-5.3614341379,-18.5990623236
33,41.7195032840,40.3566203599,47.0716612802,1.3628829241,-5.3521579962
34,42.1311204560,59.0831133410,69.3031571938,-16.9519928850,-27.1720367378
35,53.6922540240,57.0584654825,70.0798132163,-3.3662114585,-16.3875591923
36,38.4079500560,55.2978368803,64.8420043208,-16.8898868243,-26.4340542648
37,30.0797694520,27.6552368235,27.3347297100,2.4245326285,2.7450397420
38,37.7219214360,36.2513358521,38.7284926190,1.4705855839,-1.0065711830
39,42.2290260480,38.5225017286,41.4051843427,3.7065243194,0.8238417053
40,36.2519586040,45.0175310740,50.8930178953,-8.7655724700,-14.6410592913
41,50.4593010600,28.0689968983,30.3130480881,22.3903041617,20.1462529719
42,43.6982994040,69.1774919555,83.1348567350,-25.4791925515,-39.4365573310
43,38.9953836080,66.1492707869,79.5659344367,-27.1538871789,-40.5705508287
44,53.1041309960,38.9549469383,44.9758189733,14.1491840577,8.1283120227
45,41.5429974280,37.7654464364,40.5129537681,3.7775509916,1.0300436599
46,35.0764020240,28.2847199707,27.6488885090,6.7916820533,7.4275135150
47,15.0491926520,25.2670099316,25.8344118895,-10.2178172796,-10.7852192375
48,40.7590632160,47.2886969505,53.5697096191,-6.5296337345,-12.8106464031
49,26.2580039840,25.2564988020,24.0799662107,1.0015051820,2.1780377733
50,32.8231944560,27.5276646785,26.7566579345,5.2955297775,6.0665365215
51,39.7793178200,46.5316416583,52.6774790445,-6.7523238383,-12.8981612245
52,46.9319418440,35.9267257696,41.4068966749,11.0052160744,5.5250451691
53,33.1169112320,34.7372252678,36.9440314698,-1.6203140358,-3.8271202378
54,49.1851494120,27.4633526646,29.5992636284,21.7217967474,19.5858857836
55,14.5893121600,22.3864939240,22.5210387929,-7.7971817640,-7.9317266329
56,14.6382649560,20.5955880879,20.2586095956,-5.9573231319,-5.6203446396
57,41.9346197960,69.9345472476,84.0270873096,-27.9999274516,-42.0924675136
58,9.1314201440,20.1386856076,19.6386546433,-11.0072654636,-10.5072344993
59,50.9488290200,37.7436584708,43.5482500540,13.2051705492,7.4005789660
60,33.0190056400,29.1693474078,29.1191908592,3.8496582322,3.8998147808
61,54.3782826440,48.0239642771,57.4972364795,6.3543183669,-3.1189538355
62,51.7327632320,47.4183200433,56.7834520198,4.3144431887,-5.0506887878
63,9.8664015600,20.1058407451,19.9764876211,-10.2394391851,-10.1100860611
64,50.6551122440,46.2070315759,55.3558831005,4.4480806681,-4.7007708565
65,48.6956214520,37.1380142371,42.8344655943,11.5576072149,5.8611558577
66,55.0643112640,48.6296085108,58.2110209392,6.4347027532,-3.1467096752
67,44.6980396040,62.7081378084,77.2320633286,-18.0100982044,-32.5340237246
68,30.2755806360,26.7706093863,25.8644273599,3.5049712497,4.4111532761
69,40.8569688080,18.5644315191,17.8486084896,22.2925372889,23.0083603184
70,71.9881891600,52.5042863752,55.6643846415,19.4839027848,16.3238045185
71,34.3979576400,50.9454001575,51.3249821243,-16.5474425175,-16.9270244843
72,28.7994125200,49.2653107979,48.1502717248,-20.4658982779,-19.3508592048
73,33.3982174400,54.0947603159,54.5192700276,-20.6965428759,-21.1210525876
74,36.3009114000,54.8526792967,53.8852974012,-18.5517678967,-17.5843860012
75,28.9993605600,54.9824555636,54.1647733227,-25.9830950036,-25.1654127627
76,37.7970743200,52.8963602292,54.6841803726,-15.0992859092,-16.8871060526
77,40.1964508000,66.4815110259,64.3553801109,-26.2850602259,-24.1589293109
78,33.3982174400,54.0947603159,54.5192700276,-20.6965428759,-21.1210525876
79,28.0961470000,47.6168110019,48.6354171268,-19.5206640019,-20.5392701268
80,41.2996124000,61.0815124963,59.8939237729,-19.7819000963,-18.5943113729
81,33.3982174400,54.0947603159,54.5192700276,-20.6965428759,-21.1210525876
82,25.2003478000,51.2969425445,51.6576211724,-26.0965947445,-26.4572733724
83,41.0996643600,50.5474805550,50.7215223699,-9.4478161950,-9.6218580099
84,35.3011712000,51.0938807229,50.9278867733,-15.7927095229,-15.6267155733
85,28.2960950400,50.9877101622,50.7478967681,-22.6916151222,-22.4518017281
86,28.5994644800,52.4752872239,49.3819386756,-23.8758227439,-20.7824741956
87,35.3011712000,51.0938807229,50.9278867733,-15.7927095229,-15.6267155733
88,24.4005556400,48.1551973402,47.2046867489,-23.7546417002,-22.8041311089
89,35.3011712000,51.0938807229,50.9278867733,-15.7927095229,-15.6267155733
90,39.3001320000,53.6390745615,54.4174666582,-14.3389425615,-15.1173346582
91,40.5963468800,60.2428225795,58.4750330078,-19.6464756995,-17.8786861278
92,35.3011712000,51.0938807229,50.9278867733,-15.7927095229,-15.6267155733
93,24.0971862000,46.0217632990,46.0226596685,-21.9245770990,-21.9254734685
94,46.2017867600,51.4023026378,51.9449370766,-5.2005158778,-5.7431503166
95,42.7957753200,49.7222132782,48.7702266770,-6.9264379582,-5.9744513570
96,49.2010073600,54.5516627962,55.1392249799,-5.3506554362,-5.9382176199
97,46.8016308800,55.3095817770,54.5052523534,-8.5079508970,-7.7036214734
98,45.6984692800,55.4393580439,54.7847282750,-9.7408887639,-9.0862589950
99,55.5993446400,53.3532627095,55.3041353249,2.2460819305,0.2952093151
100,54.8960791200,66.9384135061,64.9753350631,-12.0423343861,-10.0792559431
101,49.2010073600,54.5516627962,55.1392249799,-5.3506554362,-5.9382176199
102,34.9012751200,48.0737134822,49.2553720791,-13.1724383622,-14.3540969591
103,46.8981575200,61.5384149766,60.5138787251,-14.6402574566,-13.6157212051
104,49.2010073600,54.5516627962,55.1392249799,-5.3506554362,-5.9382176199
105,33.3982174400,51.7538450248,52.2775761247,-18.3556275848,-18.8793586847
106,54.0962869600,51.0043830352,51.3414773222,3.0919039248,2.7548096378
107,55.8958193200,51.5507832032,51.5478417256,4.3450361168,4.3479775944
108,49.8008514800,51.4446126425,51.3678517203,-1.6437611625,-1.5670002403
109,47.0981055600,52.9321897042,50.0018936279,-5.8340841442,-2.9037880679
110,55.8958193200,51.5507832032,51.5478417256,4.3450361168,4.3479775944
111,37.9970223600,48.6120998205,47.8246417011,-10.6150774605,-9.8276193411
112,55.8958193200,51.5507832032,51.5478417256,4.3450361168,4.3479775944
113,56.0957673600,54.0959770418,55.0374216104,1.9997903182,1.0583457496
114,59.0949879600,60.6997250598,59.0949879600,-1.6047370998,0.0000000000
115,22.8974979600,51.5507832032,51.5478417256,-28.6532852432,-28.6503437656
116,35.1012231600,46.4786657793,46.6426146207,-11.3774426193,-11.5413914607
117,61.0944683600,53.8010406592,55.1997005758,7.2934277008,5.8947677842
118,59.7982534800,52.1209512996,52.0249901763,7.6773021804,7.7732633037
119,60.2946762000,56.9504008176,58.3939884792,3.3442753824,1.9006877208
120,61.7977338800,57.7083197984,57.7600158527,4.0894140816,4.0377180273
121,56.6956114800,57.8380960653,58.0394917742,-1.1424845853,-1.3438802942
122,68.2994925600,55.7520007309,58.5588988241,12.5474918291,9.7405937359
123,66.8998562800,69.3371515276,68.2300985624,-2.4372952476,-1.3302422824
124,60.2946762000,56.9504008176,58.3939884792,3.3442753824,1.9006877208
125,50.6971702800,50.4724515036,52.5101355784,0.2247187764,-1.8129652984
126,56.3991368000,63.9371529981,63.7686422244,-7.5380161981,-7.3695054244
127,60.2946762000,56.9504008176,58.3939884792,3.3442753824,1.9006877208
128,55.4959232400,54.1525830463,55.5323396240,1.3433401937,-0.0364163840
129,68.4994406000,53.4031210567,54.5962408215,15.0963195433,13.9031997785
130,71.2987131600,53.9495212246,54.8026052249,17.3491919354,16.4961079351
131,74.6978298400,53.8433506640,54.6226152196,20.8544791760,20.0752146204
132,52.2002279600,55.3309277256,53.2566571272,-3.1306997656,-1.0564291672
133,71.2987131600,53.9495212246,54.8026052249,17.3491919354,16.4961079351
134,67.6996484400,51.0108378419,51.0794052004,16.6888105981,16.6202432396
135,71.2987131600,53.9495212246,54.8026052249,17.3491919354,16.4961079351
136,65.9966427200,56.4947150632,58.2921851097,9.5019276568,7.7044576103
137,74.4978818000,63.0984630812,62.3497514593,11.3994187188,12.1481303407
138,71.2987131600,53.9495212246,54.8026052249,17.3491919354,16.4961079351
139,49.8973781200,48.8774038008,49.8973781200,1.0199743192,0.0000000000
140,63.3973182000,56.9993580212,59.5393852416,6.3979601788,3.8579329584
141,64.9003758800,55.3192686616,56.3646748420,9.5811072184,8.5357010380
142,64.3005317600,60.1487181796,62.7336731449,4.1518135804,1.5668586151
143,64.9003758800,60.9066371604,62.0997005184,3.9937387196,2.8006753616
144,60.1981495600,61.0364134273,62.3791764400,-0.8382638673,-2.1810268800
145,72.2984533600,58.9503180928,62.8985834899,13.3481352672,9.3998698701
146,69.2992327600,72.5354688895,72.5697832281,-3.2362361295,-3.2705504681
147,64.3005317600,60.1487181796,62.7336731449,4.1518135804,1.5668586151
148,55.1994485600,53.6707688656,56.8498202441,1.5286796944,-1.6503716841
149,58.7985132800,67.1354703600,68.1083268901,-8.3369570800,-9.3098136101
150,64.3005317600,60.1487181796,62.7336731449,4.1518135804,1.5668586151
151,66.1000641200,57.3509004082,59.8720242897,8.7491637118,6.2280398303
152,73.6980896400,56.6014384186,58.9359254872,17.0966512214,14.7621641528
153,77.2971543600,57.1478385866,59.1422898906,20.1493157734,18.1548644694
154,80.1998483200,57.0416680259,58.9622998853,23.1581802941,21.2375484347
155,54.8960791200,58.5292450876,57.5963417929,-3.6331659676,-2.7002626729
156,77.2971543600,57.1478385866,59.1422898906,20.1493157734,18.1548644694
157,72.9948241200,54.2091552039,55.4190898662,18.7856689161,17.5757342538
158,77.2971543600,57.1478385866,59.1422898906,20.1493157734,18.1548644694
159,71.6986092400,59.6930324252,62.6318697754,12.0055768148,9.0667394646
160,79.4000561600,66.2967804432,66.6894361250,13.1032757168,12.7106200350
161,77.2971543600,57.1478385866,59.1422898906,20.1493157734,18.1548644694
162,59.8947801200,52.0757211627,54.2370627857,7.8190589573,5.6577173343
163,64.9003758800,60.9972547236,64.9639910737,3.9031211564,-0.0636151937
164,66.5964868400,59.3171653640,61.7892806742,7.2793214760,4.8072061658
165,65.1968505600,64.1466148820,68.1582789770,1.0502356780,-2.9614284170
166,66.6999082400,64.9045338628,67.5243063506,1.7953743772,-0.8243981106
167,62.5009994000,65.0343101297,67.8037822721,-2.5333107297,-5.3027828721
168,74.1945123600,62.9482147953,68.3231893220,11.2462975647,5.8713230380
169,70.6988690400,76.5333655920,77.9943890603,-5.8344965520,-7.2955200203
170,65.1968505600,64.1466148820,68.1582789770,1.0502356780,-2.9614284170
171,57.5988250400,57.6686655680,62.2744260762,-0.0698405280,-4.6756010362
172,59.1984093600,71.1333670624,73.5329327223,-11.9349577024,-14.3345233623
173,65.1968505600,64.1466148820,68.1582789770,1.0502356780,-2.9614284170
174,68.0995445200,61.3487971106,65.2966301218,6.7507474094,2.8029143982
175,75.4976220000,60.5993351211,64.3605313193,14.8982868789,11.1370906807
176,79.2966347600,61.1457352890,64.5668957227,18.1508994710,14.7297390373
177,56.4956634400,62.5271417900,63.0209476250,-6.0314783500,-6.5252841850
178,79.2966347600,61.1457352890,64.5668957227,18.1508994710,14.7297390373
179,76.8007316400,58.2070519063,60.8436956983,18.5936797337,15.9570359417
180,79.2966347600,61.1457352890,64.5668957227,18.1508994710,14.7297390373
181,73.2981935600,63.6909291276,68.0564756076,9.6072644324,5.2417179524
182,82.5992248000,70.2946771456,72.1140419572,12.3045476544,10.4851828428
183,79.2966347600,61.1457352890,64.5668957227,18.1508994710,14.7297390373
184,67.7961750800,56.0736178651,59.6616686179,11.7225572149,8.1345064621
185,11.5763020400,20.1398573347,20.3231700367,-8.5635552947,-8.7468679967
186,24.4488189600,21.3963391555,22.0280461554,3.0524798045,2.4207728046
187,24.8900836000,22.9954978364,24.1978884883,1.8945857636,0.6921951117
188,29.4475199600,26.1938151984,28.5375731540,3.2537047616,0.9099468060
189,40.7135578000,31.2197424814,35.3570776287,9.4938153186,5.3564801713
190,10.3835085600,19.3388091954,19.5226295280,-8.9553006354,-9.1391209680
191,22.1390743600,20.5952910162,21.2275056467,1.5437833438,0.9115687133
192,22.8354451200,22.1944496972,23.3973479796,0.6409954228,-0.5619028596
193,27.6617771200,25.3927670591,27.7370326453,2.2690100609,-0.0752555253
194,34.5565371200,30.4186943422,34.5565371200,4.1378427778,0.0000000000
195,12.4519365600,23.0242506567,22.3380276862,-10.5723140967,-9.8860911262
196,24.9866102400,24.2807324775,24.0429038049,0.7058777625,0.9437064351
197,25.7243495600,25.8798911585,26.2127461378,-0.1555415985,-0.4883965778
198,33.9635877600,29.0782085204,30.5524308035,4.8853792396,3.4111569565
199,37.3420201600,34.1041358034,37.3719352782,3.2378843566,-0.0299151182
200,15.0443663200,24.7942552893,23.0614087004,-9.7498889693,-8.0170423804
201,21.0634918000,26.0507371101,24.7662848191,-4.9872453101,-3.7027930191
202,26.4000360400,27.6498957911,26.9361271519,-1.2498597511,-0.5360911119
203,35.3425397600,30.8482131530,31.2758118176,4.4943266070,4.0667279424
204,40.5687678400,35.8741404360,38.0953162923,4.6946274040,2.4734515477
205,12.4726208400,22.6067038224,21.5275809994,-10.1340829824,-9.0549601594
206,20.9187018400,23.8631856431,23.2324571181,-2.9444838031,-2.3137552781
207,24.9038731200,25.4623443241,25.4022994509,-0.5584712041,-0.4984263309
208,34.2049043600,28.6606616860,29.7419841167,5.5442426740,4.4629202433
209,39.6103962000,33.6865889691,36.5614885914,5.9238072309,3.0489076086
210,10.0318758000,20.9468708537,20.3086321680,-10.9149950537,-10.2767563680
211,20.0844358800,22.2033526745,22.0135082867,-2.1189167945,-1.9290724067
212,24.4832927600,23.8025113554,24.1833506196,0.6807814046,0.2999421404
213,31.5366322400,27.0008287174,28.5230352853,4.5358035226,3.0135969547
214,35.3425397600,32.0267560004,35.3425397600,3.3157837596,-0.0000000000
215,9.4458212000,25.3282399917,23.2453869046,-15.8824187917,-13.7995657046
216,22.7182342000,26.5847218125,24.9502630233,-3.8664876125,-2.2320288233
217,28.4684640400,28.1838804934,27.1201053561,0.2845835466,1.3483586839
218,38.5623926800,31.3821978554,31.4597900218,7.1801948246,7.1026026582
219,40.3895040800,36.4081251384,38.2792944965,3.9813789416,2.1102095835
220,10.7627203600,21.0251788619,20.0175546650,-10.2624585019,-9.2548343050
221,25.4830329600,22.2816606827,21.7224307837,3.2013722773,3.7606021763
222,21.5392302400,23.8808193637,23.8922731165,-2.3415891237,-2.3530428765
223,28.6270435200,27.0791367256,28.2319577823,1.5479067944,0.3950857377
224,33.5430074000,32.1050640086,35.0514622570,1.4379433914,-1.5084548570
225,7.7497102400,34.2496691890,31.4123004446,-26.4999589490,-23.6625902046
226,17.8229546000,35.5061510097,33.1171765633,-17.6831964097,-15.2942219633
227,24.2419761600,37.1053096907,35.2870188962,-12.8633335307,-11.0450427362
228,32.8535314000,40.3036270526,39.6267035619,-7.4500956526,-6.7731721619
229,39.2311844000,45.3295543357,46.4462080366,-6.0983699357,-7.2150236366
230,17.9953236000,24.8460897489,23.2754362047,-6.8507661489,-5.2801126047
231,30.3852073200,26.1025715696,24.9803123234,4.2826357504,5.4048949966
232,45.7053640400,27.7017302506,27.1501546563,18.0036337894,18.5552093837
233,50.7730126400,30.9000476126,31.4898393220,19.8729650274,19.2831733180
234,53.9032336800,35.9259748956,38.3093437967,17.9772587844,15.5938898833
235,13.1827811200,24.7936735276,23.2580095096,-11.6108924076,-10.0752283896
236,17.8367441200,26.0501553484,24.9628856283,-8.2134112284,-7.1261415083
237,40.2309246000,27.6493140294,27.1327279611,12.5816105706,13.0981966389
238,47.1325793600,30.8476313913,31.4724126269,16.2849479687,15.6601667331
239,49.9732204800,35.8735586744,38.2919171016,14.0996618056,11.6813033784
240,13.3551501200,21.3282560636,20.4402450946,-7.9731059436,-7.0850949746
241,22.3183381200,22.5847378844,22.1451212132,-0.2663997644,0.1732169068
242,24.5384508400,24.1838965653,24.3149635461,0.3545542747,0.2234872939
243,31.3504737200,27.3822139273,28.6546482118,3.9682597927,2.6958255082
244,40.8583477600,32.4081412103,35.4741526865,8.4502065497,5.3841950735
245,19.9327511600,22.1484034077,21.4860700534,-2.2156522477,-1.5533188934
246,25.6898757600,23.4048852285,23.1909461720,2.2849905315,2.4989295880
247,30.2335226000,25.0040439094,25.3607885049,5.2294786906,4.8727340951
248,39.5897119200,28.2023612714,29.7004731706,11.3873506486,9.8892387494
249,44.2988330000,33.2282885544,36.5199776453,11.0705444456,7.7788553547
250,13.8170990400,23.5879479285,23.8589722834,-9.7708488885,-10.0418732434
251,24.9176626400,24.8444297493,25.5638484021,0.0732328907,-0.6461857621
252,29.2199928800,26.4435884303,27.7336907349,2.7764044497,1.4863021451
253,38.3279708400,29.6419057922,32.0733754006,8.6860650478,6.2545954394
254,42.3476159200,34.6678330752,38.8928798753,7.6797828448,3.4547360447
255,13.5413086400,26.4311353464,25.6634406672,-12.8898267064,-12.1221320272
256,26.3104041600,27.6876171672,27.3683167859,-1.3772130072,-1.0579126259
257,31.6400536400,29.2867758481,29.5381591187,2.3532777919,2.1018945213
258,42.5475639600,32.4850932101,33.8778437844,10.0624707499,8.6697201756
259,42.9198810000,37.5110204931,40.6973482591,5.4088605069,2.2225327409
260,13.3344658400,26.8488250165,25.8351578209,-13.5143591765,-12.5006919809
261,25.3727168000,28.1053068373,27.5400339396,-2.7325900373,-2.1673171396
262,37.4040730000,29.7044655183,29.7098762724,7.6996074817,7.6941967276
263,44.3953596400,32.9027828802,34.0495609381,11.4925767598,10.3457987019
264,47.7393182400,37.9287101633,40.8690654128,9.8106080767,6.8702528272
265,19.5190655600,27.6128064602,26.0583996074,-8.0937409002,-6.5393340474
266,31.3504737200,28.8692882809,27.7632757261,2.4811854391,3.5871979939
267,38.5003398400,30.4684469619,29.9331180590,8.0318928781,8.5672217810
268,45.0848356400,33.6667643238,34.2728027247,11.4180713162,10.8120329153
269,47.8151606000,38.6926916069,41.0923071994,9.1224689931,6.7228534006
270,15.4373676400,26.1787062889,25.0948613915,-10.7413386489,-9.6574937515
271,26.7723530800,27.4351881097,26.7997375101,-0.6628350297,-0.0273844301
272,33.7291659200,29.0343467906,28.9695798430,4.6948191294,4.7595860770
273,42.6992486800,32.2326641526,33.3092645087,10.4665845274,9.3899841713
274,45.8363644800,37.2585914356,40.1287689834,8.5777730444,5.7075954966
275,17.2231104800,24.8520552377,24.2070764490,-7.6289447577,-6.9839659690
276,29.9301531600,26.1085370585,25.9119525676,3.8216161015,4.0182005924
277,29.6543627600,27.7076957394,28.0817949005,1.9466670206,1.5725678595
278,36.9697031200,30.9060131014,32.4214795662,6.0636900186,4.5482235538
279,43.5817779600,35.9319403844,39.2409840409,7.6498375756,4.3407939191
280,13.1207282800,25.0264674038,24.3042447084,-11.9057391238,-11.1835164284
281,24.4281346800,26.2829492246,26.0091208271,-1.8548145446,-1.5809861471
282,32.6604781200,27.8821079055,28.1789631600,4.7783702145,4.4815149600
283,36.6387546400,31.0804252675,32.5186478257,5.5583293725,4.1201068143
284,44.2092011200,36.1063525505,39.3381523004,8.1028485695,4.8710488196
285,13.6240457600,25.0103138017,23.6614883923,-11.3862680417,-10.0374426323
286,21.6012830800,26.2667956225,25.3663645110,-4.6655125425,-3.7650814310
287,27.7720932800,27.8659543034,27.5362068439,-0.0938610234,0.2358864361
288,35.5700668400,31.0642716654,31.8758915096,4.5057951746,3.6941753304
289,45.3675208000,36.0901989484,38.6953959843,9.2773218516,6.6721248157
290,7.3153403600,26.0392527632,24.4427278472,-18.7239124032,-17.1273874872
291,21.5047564400,27.2957345840,26.1476039659,-5.7909781440,-4.6428475259
292,31.2677366000,28.8948932649,28.3174462987,2.3728433351,2.9502903013
293,43.4990408400,32.0932106269,32.6571309645,11.4058302131,10.8419098755
294,48.6701108400,37.1191379099,39.4766354392,11.5509729301,9.1934754008
295,7.3980774800,27.6040783852,25.3557280794,-20.2060009052,-17.9576505994
296,23.5111316000,28.8605602060,27.0606041981,-5.3494286060,-3.5494725981
297,31.1160518800,30.4597188870,29.2304465309,0.6563329930,1.8856053491
298,39.1484472800,33.6580362489,33.5701311967,5.4904110311,5.5783160833
299,48.1530038400,38.6839635320,40.3896356714,9.4690403080,7.7633681686
300,22.5044966400,32.6540838478,32.5939193104,-10.1495872078,-10.0894226704
301,34.6737480400,33.9105656686,34.2987954291,0.7631823714,0.3749526109
302,34.7358008800,35.5097243496,36.4686377619,-0.7739234696,-1.7328368819
303,45.0848356400,38.7080417115,40.8083224276,6.3767939285,4.2765132124
304,48.9734802800,43.7339689945,47.6278269023,5.2395112855,1.3456533777
305,23.1388145600,33.4382245224,32.7966548132,-10.2994099624,-9.6578402532
306,41.8856670000,34.6947063432,34.5015309319,7.1909606568,7.3841360681
307,48.2840042800,36.2938650241,36.6713732648,11.9901392559,11.6126310152
308,51.0350135200,39.4921823861,41.0110579305,11.5428311339,10.0239555895
309,55.6407132000,44.5181096691,47.8305624052,11.1226035309,7.8101507948
310,22.9457612800,32.3458437004,32.4405938249,-9.4000824204,-9.4948325449
311,35.2322236000,33.6023255211,34.1454699436,1.6298980789,1.0867536564
312,39.9413446800,35.2014842021,36.3153122764,4.7398604779,3.6260324036
313,48.7183741600,38.3998015640,40.6549969422,10.3185725960,8.0633772178
314,52.0416484800,43.4257288471,47.4745014169,8.6159196329,4.5671470631
315,21.0221232400,34.0290634490,32.9716478564,-13.0069402090,-11.9495246164
316,33.3568488800,35.2855452698,34.6765239751,-1.9286963898,-1.3196750951
317,33.9429034800,36.8847039507,36.8463663079,-2.9418004707,-2.9034628279
318,44.1402535200,40.0830213127,41.1860509736,4.0572322073,2.9542025464
319,45.3675208000,45.1089485957,48.0055554483,0.2585722043,-2.6380346483
320,15.3615252800,31.3860054030,30.3213178571,-16.0244801230,-14.9597925771
321,28.6822016000,32.6424872238,32.0261939758,-3.9602856238,-3.3439923758
322,30.8471562400,34.2416459048,34.1960363087,-3.3944896648,-3.3488800687
323,42.0304569600,37.4399632667,38.5357209744,4.5904936933,3.4947359856
324,51.0556978000,42.4658905498,45.3552254491,8.5898072502,5.7004723509
325,21.7805468400,33.9512903296,32.2223809372,-12.1707434896,-10.4418340972
326,42.2924578400,35.2077721504,33.9272570559,7.0846856896,8.3652007841
327,50.6006436400,36.8069308314,36.0970993887,13.7937128086,14.5035442513
328,55.8268717200,40.0052481933,40.4367840544,15.8216235267,15.3900876656
329,60.9496784000,45.0311754764,47.2562885291,15.9185029236,13.6933898709
330,23.5249211200,35.4297885030,33.4634189943,-11.9048673830,-9.9384978743
331,42.2166154800,36.6862703237,35.1682951129,5.5303451563,7.0483203671
332,52.5035974000,38.2854290047,37.3381374458,14.2181683953,15.1654599542
333,60.3222552400,41.4837463666,41.6778221115,18.8385088734,18.6444331285
334,66.4241178400,46.5096736497,48.4973265862,19.9144441903,17.9267912538
335,23.8007115200,34.3751257927,33.1520107496,-10.5744142727,-9.3512992296
336,38.7692354800,35.6316076135,34.8568868683,3.1376278665,3.9123486117
337,51.3314882000,37.2307662945,37.0267292011,14.1007219055,14.3047589989
338,56.8472962000,40.4290836564,41.3664138669,16.4182125436,15.4808823331
339,58.6054600000,45.4550109395,48.1859183416,13.1504490605,10.4195416584
340,21.9115472800,33.2330496885,32.3552756969,-11.3215024085,-10.4437284169
341,36.9903874000,34.4895315092,34.0601518156,2.5008558908,2.9302355844
342,47.4014750000,36.0886901902,36.2299941484,11.3127848098,11.1714808516
343,51.9589113600,39.2870075522,40.5696788141,12.6719038078,11.3892325459
344,56.7438748000,44.3129348352,47.3891832888,12.4309399648,9.3546915112
345,17.5747432400,32.4794723667,31.0108291055,-14.9047291267,-13.4360858655
346,33.7291659200,33.7359541875,32.7157052241,-0.0067882675,1.0134606959
347,40.1481874800,35.3351128684,34.8855475570,4.8130746116,5.2626399230
348,46.6430514000,38.5334302304,39.2252322227,8.1096211696,7.4178191773
349,50.0766418800,43.5593575134,46.0447366974,6.5172843666,4.0319051826
350,17.3679004400,32.8306658059,31.1096158485,-15.4627653659,-13.7417154085
351,33.7015868800,34.0871476266,32.8144919672,-0.3855607466,0.8870949128
352,45.9397858800,35.6863063076,34.9843343001,10.2534795724,10.9554515799
353,51.4349096000,38.8846236695,39.3240189658,12.5502859305,12.1108906342
354,59.3018307600,43.9105509526,46.1435234405,15.3912798074,13.1583073195
355,30.4472601600,36.7042365362,34.9524351420,-6.2569763762,-4.5051749820
356,47.7117392000,37.9607183570,36.6573112607,9.7510208430,11.0544279393
357,63.1422120800,39.5598770380,38.8271535936,23.5823350420,24.3150584864
358,66.8240139200,42.7581943999,43.1668382593,24.0658195201,23.6571756607
359,66.9481196000,47.7841216830,49.9863427340,19.1639979170,16.9617768660
360,27.4204605200,37.5580179187,35.6053076979,-10.1375573987,-8.1848471779
361,35.9561734000,38.8144997395,37.3101838165,-2.8583263395,-1.3540104165
362,55.5097127600,40.4136584204,39.4800261494,15.0960543396,16.0296866106
363,61.9907871600,43.6119757824,43.8197108151,18.3788113776,18.1710763449
364,63.5283186400,48.6379030654,50.6392152898,14.8904155746,12.8891033502
365,18.0160078800,32.6499554776,30.6710397282,-14.6339475976,-12.6550318482
366,38.6037612400,33.9064372984,32.3759158469,4.6973239416,6.2278453931
367,52.2002279600,35.5055959794,34.5457581797,16.6946319806,17.6544697803
368,53.9583917600,38.7039133413,38.8854428454,15.2544784187,15.0729489146
369,56.6335586400,43.7298406244,45.7049473201,12.9037180156,10.9286113199
370,15.3408410000,29.2532044580,27.1977683157,-13.9123634580,-11.8569273157
371,26.0484032800,30.5096862788,28.9026444343,-4.4612829988,-2.8542411543
372,30.2197330800,32.1088449598,31.0724867672,-1.8891118798,-0.8527536872
373,37.2661778000,35.3071623217,35.4121714329,1.9590154783,1.8540063671
374,46.2293658000,40.3330896048,42.2316759076,5.8962761952,3.9976898924
375,16.2785283600,23.4224867372,24.2688446730,-7.1439583772,-7.9903163130
376,25.6209281600,24.6789685580,25.9737207916,0.9419596020,-0.3527926316
377,31.9710021200,26.2781272390,28.1435631245,5.6928748810,3.8274389955
378,36.3009114000,29.4764446009,32.4832477902,6.8244667991,3.8176636098
379,43.0577762000,34.5023718840,39.3027522649,8.5554043160,3.7550239351
380,67.5686480000,54.6571382774,57.0144911679,12.9115097226,10.5541568321
381,57.2265080000,54.0473499623,54.4048106969,3.1791580377,2.8216973031
382,81.7511693200,47.3050237612,47.3701138002,34.4461455588,34.3810555198
383,64.0178466000,47.7630050755,50.6879464881,16.2548415245,13.3299001119
384,78.8002120400,46.1149440499,45.8104711407,32.6852679901,32.9897408993
385,41.3685600000,50.4851760922,50.9399597817,-9.1166160922,-9.5713997817
386,60.2808866800,50.9316891123,53.9650424078,9.3491975677,6.3158442722
387,56.8335066800,48.5691533313,49.9282901396,8.2643533487,6.9052165404
388,51.0212240000,49.4429295608,51.7491903083,1.5782944392,-0.7279663083
389,55.5510813200,51.9386915753,51.6287757369,3.6123897447,3.9223055831
390,44.1333587600,43.3834982102,44.9563465467,0.7498605498,-0.8229877867
391,39.3759743600,42.5865979026,44.0171564682,-3.2106235426,-4.6411821082
392,55.6476079600,54.4099837630,53.2959335308,1.2376241970,2.3516744292
393,47.2773693200,47.2774148702,45.8950736256,-0.0000455502,1.3822956944
394,44.3264120400,41.9997195113,41.1716379784,2.3266925287,3.1547740616
395,52.3036493600,36.4466089012,36.7714778972,15.8570404588,15.5321714628
396,49.2492706800,30.1509614722,29.9710823663,19.0983092078,19.2781883137
397,41.3685600000,50.5026173088,50.9496766077,-9.1340573088,-9.5811166077
398,29.1579400400,26.6720962293,27.5333849328,2.4858438107,1.6245551072
399,39.3966586400,30.3005218474,31.5453731491,9.0961367926,7.8512854909
400,39.3001320000,30.5636931738,30.0677186237,8.7364388262,9.2324133763
401,67.8651226800,47.5071201249,48.2973382388,20.3580025551,19.5677844412
402,58.5227228800,47.5115844819,46.1421655102,11.0111383981,12.3805573698
403,53.5791799600,44.0099203102,42.7747209173,9.5692596498,10.8044590427
404,58.9984613200,45.9846755380,44.3002140269,13.0137857820,14.6982472931
405,76.2353613200,51.2647416222,52.2775454475,24.9706196978,23.9578158725
406,69.8370240400,51.6747361243,50.1671199392,18.1622879157,19.6699041008
407,14.3962588800,21.2395553431,21.8042321121,-6.8432964631,-7.4079732321
408,19.4156441600,31.1248153377,30.0730071038,-11.7091711777,-10.6573629438
409,20.7256485600,29.6200113100,29.3592053664,-8.8943627500,-8.6335568064
410,14.9409449200,31.1102516277,30.1075465213,-16.1693067077,-15.1666016013
411,21.2910188800,27.4464074122,27.4056294951,-6.1553885322,-6.1146106151
412,23.0767617200,29.6754621162,29.1210242747,-6.5987003962,-6.0442625547
413,15.5201047600,31.0283545710,29.9310631514,-15.5082498110,-14.4109583914
414,15.8165794400,31.8904732655,30.7618350442,-16.0738938255,-14.9452556042
415,12.5484632000,24.3743773549,22.3445735286,-11.8259141549,-9.7961103286
416,8.4874495600,22.6419603522,22.9807662314,-14.1545107922,-14.4933166714
417,15.6097366400,31.9102798973,30.2411214105,-16.3005432573,-14.6313847705
418,12.1761461600,22.1063083815,21.4610084424,-9.9301622215,-9.2848622824
419,11.9830928800,24.3821466549,24.0253803833,-12.3990537749,-12.0422875033
420,16.8783724800,22.4960371639,23.5091082308,-5.6176646839,-6.6307357508
421,33.0879532400,32.3812971585,31.7778832224,0.7066560815,1.3100700176
422,34.2393781600,30.8764931308,31.0640814850,3.3628850292,3.1752966750
423,31.8124226400,32.3667334485,31.8124226400,-0.5543108085,0.0000000000
424,29.7508894000,28.7028892330,29.1105056137,1.0480001670,0.6403837863
425,33.0052161200,30.9319439369,30.8259003934,2.0732721831,2.1793157266
426,32.9017947200,32.2848363917,31.6359392701,0.6169583283,1.2658554499
427,29.5509413600,33.1469550863,32.4667111629,-3.5960137263,-2.9157698029
428,19.4156441600,25.6308591757,24.0494496472,-6.2152150157,-4.6338054872
429,24.6556617600,23.8984421730,24.6856423501,0.7572195870,-0.0299805901
430,29.5923099200,33.1667617181,31.9459975292,-3.5744517981,-2.3536876092
431,24.2833447200,23.3627902023,23.1658845611,0.9205545177,1.1174601589
432,20.7256485600,25.6386284757,25.7302565020,-4.9129799157,-5.0046079420
433,26.2000880000,24.0951958448,25.6789505636,2.1048921552,0.5211374364
434,46.3879452800,33.9804558394,33.9477255553,12.4074894406,12.4402197247
435,39.1622368000,32.4756518118,33.2339238179,6.6865849882,5.9283129821
436,41.2030857600,33.9658921294,33.9822649729,7.2371936306,7.2208207871
437,33.6877973600,30.3020479139,31.2803479466,3.3857494461,2.4074494134
438,38.2038651600,32.5311026179,32.9957427262,5.6727625421,5.2081224338
439,41.4099285600,33.8839950727,33.8057816030,7.5259334873,7.6041469570
440,37.8108638400,34.7461137673,34.6365534957,3.0647500727,3.1743103443
441,24.8487150400,27.2300178566,26.2192919801,-2.3813028166,-1.3705769401
442,27.2205124800,25.4976008539,26.8554846830,1.7229116261,0.3650277970
443,44.6366762400,34.7659203990,34.1158398620,9.8707558410,10.5208363780
444,37.2661778000,24.9619488833,25.3357268940,12.3042289167,11.9304509060
445,33.2741117600,27.2377871567,27.9000988348,6.0363246033,5.3740129252
446,36.5629122800,27.2935132068,30.0186352294,9.2693990732,6.5442770506
447,53.7239699200,37.1787732014,38.2874102210,16.5451967186,15.4365596990
448,48.5873737200,35.6739691737,37.5736084836,12.9134045463,11.0137652364
449,51.7244895200,37.1642094914,38.3219496386,14.5602800286,13.4025398814
450,35.8527520000,33.5003652759,35.6200326123,2.3523867241,0.2327193877
451,53.7722332400,35.7294199798,37.3354273920,18.0428132602,16.4368058480
452,53.4619690400,37.0823124346,38.1454662687,16.3796566054,15.3165027713
453,48.9872698000,37.9444311292,38.9762381615,11.0428386708,10.0110316385
454,31.7158960000,30.4283352186,30.5589766458,1.2875607814,1.1569193542
455,39.6448700000,28.6959182159,31.1951693487,10.9489517841,8.4497006513
456,51.2556458400,37.9642377610,38.4555245278,13.2914080790,12.8001213122
457,43.3887246800,28.1602662452,29.6754115597,15.2284584348,13.7133131203
458,39.2656582000,30.4361045186,32.2397835006,8.8295536814,7.0258746994
459,37.9556538000,32.3194404898,36.8381397041,5.6362133102,1.1175140959
460,55.0201848000,42.2047004844,45.1069146957,12.8154843156,9.9132701043
461,49.9939047600,40.6998964568,44.3931129583,9.2940083032,5.6007918017
462,53.6550223200,42.1901367744,45.1414541133,11.4648855456,8.5135682067
463,37.6798634000,38.5262925589,42.4395370870,-0.8464291589,-4.7596736870
464,56.0612935600,40.7553472629,44.1549318667,15.3059462971,11.9063616933
465,56.8128224000,42.1082397177,44.9649707434,14.7045826823,11.8478516566
466,50.9384868800,42.9703584122,45.7957426362,7.9681284678,5.1427442438
467,33.5636916800,35.4542625016,37.3784811205,-1.8905708216,-3.8147894405
468,41.1617172000,33.7218454989,38.0146738234,7.4398717011,3.1470433766
469,52.9586515600,42.9901650440,45.2750290025,9.9684865160,7.6836225575
470,44.2781487200,33.1861935282,36.4949160344,11.0919551918,7.7832326856
471,40.1481874800,35.4620318017,39.0592879753,4.6861556783,1.0888995047
472,57.0265599600,53.7103976091,54.4097106338,3.3161623509,2.6168493262
473,44.4229386800,53.7191182174,54.4145690468,-9.2961795374,-9.9916303668
474,51.0212240000,53.7191182174,54.4145690468,-2.6978942174,-3.3933450468
475,53.3861266800,53.3295977131,54.1975599340,0.0565289669,-0.8114332540
476,35.3632240400,50.8547571073,50.5349921823,-15.4915330673,-15.1717681423
477,25.0210840400,50.8634777156,50.5398505953,-25.8423936756,-25.5187665553
478,23.3456573600,50.8634777156,50.5398505953,-27.5178203556,-27.1941932353
479,52.0071746800,51.3116595876,51.1549471345,0.6955150924,0.8522275455
480,38.0177066400,51.3203801959,51.1598055475,-13.3026735559,-13.1420989075
481,39.3001320000,51.3203801959,51.1598055475,-12.0202481959,-11.8596735475
482,61.0668893200,56.9087149710,58.7493952996,4.1581743490,2.3174940204
483,56.1440306800,56.9174355793,58.7542537125,-0.7734048993,-2.6102230325
484,55.2546066400,56.9174355793,58.7542537125,-1.6628289393,-3.4996470725
485,54.7650786800,56.5279150751,58.5372445997,-1.7628363951,-3.7721659197
486,50.2352213600,51.2437432109,52.9813740775,-1.0085218509,-2.7461527175
487,46.6844199600,51.1303753029,52.9182147089,-4.4459553429,-6.2337947489
488,46.6844199600,50.4559815941,52.5424974390,-3.7715616341,-5.8580774790
489,22.7527080000,48.3881027091,49.1066556260,-25.6353947091,-26.3539476260
490,25.5106120000,48.2747348012,49.0434962573,-22.7641228012,-23.5328842573
491,34.7702746800,47.6003410924,48.6677789874,-12.8300664124,-13.8975043074
492,36.8387026800,48.8450051894,49.7266105782,-12.0063025094,-12.8879078982
493,45.8984173200,48.7316372815,49.6634512096,-2.8332199615,-3.7650338896
494,41.6650346800,48.0572435726,49.2877339397,-6.3922088926,-7.6226992597
495,56.3370839600,54.4420605728,57.3210587432,1.8950233872,-0.9839747832
496,47.9668453200,54.3286926649,57.2578993746,-6.3618473449,-9.2910540546
497,61.4598906400,53.6542989560,56.8821821047,7.8055916840,4.5777085353
498,44.0299373600,50.0751456072,51.5777891100,-6.0452082472,-7.5478517500
499,55.4545546800,49.8193410970,51.4352756628,5.6352135830,4.0192790172
500,55.5510813200,51.9365755136,57.0745242281,3.6145058064,-1.5234429081
501,57.9159840000,52.2074456369,56.3201774971,5.7085383631,1.5958065029
502,25.6091085695,49.0809350119,53.1998057765,-23.4718264424,-27.5906972071
503,33.4888342847,49.5378374922,53.8197607288,-16.0490032074,-20.3309264441
504,59.5904257153,55.1348928756,61.4142088938,4.4555328397,-1.8237831785
505,29.5489714305,49.3518051351,52.4454590455,-19.8028337046,-22.8964876150
506,37.9211800000,49.8087076154,53.0654139978,-11.8875276154,-15.1442339978
507,61.8558468542,55.4057629988,60.6598621628,6.4500838554,1.1959846914
508,62.0528400000,50.3652869213,52.5344170839,11.6875530787,9.5184229161
509,32.0113857153,48.5914574353,50.3395034155,-16.5800717201,-18.3281177002
510,72.0985053200,51.9961682198,53.6339605321,20.1023371002,18.4645447879
511,39.0046422847,47.9665488998,49.2796535847,-8.9619066151,-10.2750112999
512,65.6972131458,53.5636042832,56.8741017497,12.1336088626,8.8231113962
513,32.1098822847,49.1405277180,49.7592420805,-17.0306454333,-17.6493597958
514,40.2850977153,49.5974301983,50.3791970328,-9.3123324830,-10.0940993175
515,74.3649114581,55.1944855817,57.9736451978,19.1704258764,16.3912662603
516,21.9667053600,20.4402425139,21.9667053600,1.5264628461,0.0000000000
517,9.8496571458,17.5846020122,18.0919869085,-7.7349448664,-8.2423297627
518,15.0699754305,18.0415044925,18.7119418607,-2.9715290619,-3.6419664302
519,23.2451908542,23.6385598759,26.3063900257,-0.3933690217,-3.0611991715
520,43.7334626800,34.0202166478,34.7884954096,9.7132460322,8.9449672704
521,13.3955337153,31.1645761461,30.9137769581,-17.7690424308,-17.5182432428
522,24.1316600000,31.6214786264,31.5337319103,-7.4898186264,-7.4020719103
523,44.5204502847,37.2185340098,39.1281800753,7.3019162750,5.3922702094
524,62.9353692800,50.5642095804,52.2785603597,12.3711596996,10.6568089203
525,59.4948840400,50.5642095804,52.2785603597,8.9306744596,7.2163236803
526,25.1166257153,47.7085690787,48.4038419081,-22.5919433634,-23.2872161929
527,23.6391771458,47.7085690787,48.4038419081,-24.0693919329,-24.7646647623
528,35.7542554305,48.1654715590,49.0237968604,-12.4112161284,-13.2695414298
529,38.6106560000,48.1654715590,49.0237968604,-9.5548155590,-10.4131408604
530,68.7506068542,53.7625269424,56.6182450254,14.9880799118,12.1323618288
531,66.7806754305,53.7625269424,56.6182450254,13.0181484882,10.1624304052
532,23.8489748400,29.1176572752,29.9530245930,-5.2686824352,-6.1040497530
533,32.0682182360,27.3867388923,30.7320201584,4.6814793437,1.3361980776
534,11.6549023040,17.4491099463,17.2479999470,-5.7942076423,-5.5930976430
535,19.1991486960,28.1898597124,28.2521951037,-8.9907110164,-9.0530464077
536,48.8466166960,38.1274886584,41.7362153151,10.7191280376,7.1104013809
537,39.6048803920,31.0455002141,32.1269135553,8.5593801779,7.4779668367
538,43.9423739080,39.9081475474,41.3468670443,4.0342263606,2.5955068637
539,34.5696371640,37.5094095259,38.0921035450,-2.9397723619,-3.5224663810
540,54.3155403280,46.9901359917,50.9561688041,7.3254043363,3.3593715239
541,24.4046924960,37.0525070456,37.4721485927,-12.6478145496,-13.0674560967
542,15.6159419240,21.9820646583,21.8161759736,-6.3661227343,-6.2002340496
543,21.8591471040,23.8938103722,27.3172857784,-2.0346632682,-5.4581386744
544,10.2221711760,14.4130839065,14.4532205193,-4.1909127305,-4.2310493433
545,14.5968963960,17.9060124266,17.8679548993,-3.3091160306,-3.2710585033
546,18.7461629640,16.8118219279,17.7079840185,1.9343410361,1.0381789455
547,31.9668652640,24.8377051600,25.6908944251,7.1291601040,6.2759708389
548,23.4049522960,22.4389671386,22.4361309258,0.9659851574,0.9688213702
549,25.5733543160,20.3047504480,21.1227183986,5.2686038680,4.4506359174
550,41.6802031520,31.9196936043,35.3001961849,9.7605095477,6.3800069671
551,27.7424458120,28.6467621927,28.8721500560,-0.9043163807,-1.1297042440
552,8.2040749240,13.9561814262,13.8332655670,-5.7521065022,-5.6291906430
553,9.6175007240,27.0454417285,26.2412901747,-17.4279410045,-16.6237894507
554,25.4223590720,46.1145768258,47.1475498200,-20.6922177538,-21.7251907480
555,15.6910948080,28.3109194169,27.7327240194,-12.6198246089,-12.0416292114
556,27.9354990920,34.8927936615,35.4701615114,-6.9572945695,-7.5346624194
557,32.6266937960,37.6316715865,38.4740162304,-5.0049777905,-5.8473224344
558,17.2362105240,31.1234805639,30.8243640435,-13.8872700399,-13.5881535195
559,19.7652084920,33.9428203991,33.9228455749,-14.1776119071,-14.1576370829
560,39.4352692960,48.5133148473,50.4023133193,-9.0780455513,-10.9670440233
561,25.7450338400,27.8819451144,27.8802860998,-2.1369112744,-2.1352522598
562,33.0824374320,33.2406128151,33.9703552080,-0.1581753831,-0.8879177760
563,24.0654703040,29.3355781960,29.0530449502,-5.2701078920,-4.9875746462
564,21.8198469720,39.2983269702,39.6743142977,-17.4784799982,-17.8544673257
565,21.0662497040,29.4441797500,29.4960536740,-8.3779300460,-8.4298039700
566,14.8437288040,20.3409462599,19.1319208077,-5.4972174559,-4.2881920037
567,32.0516708120,33.5222185854,34.0791275428,-1.4705477734,-2.0274567308
568,11.9575822680,22.9012355462,21.9476251437,-10.9436532782,-9.9900428757
569,25.4478696840,30.8418747936,30.7155917087,-5.3940051096,-5.2677220247
570,22.4893281680,33.5336173705,35.6500059799,-11.0442892025,-13.1606778119
571,25.2168952240,22.7396842814,22.3866843070,2.4772109426,2.8302109170
572,39.6993386040,45.7848216471,47.4108994569,-6.0854830431,-7.7115608529
573,13.0890123840,25.4832070929,24.6255226005,-12.3941947089,-11.5365102165
574,38.7002878800,43.3769308399,44.9088904825,-4.6766429599,-6.2086026025
575,7.5070146880,21.8206387292,20.6740833972,-14.3136240412,-13.1670687092
576,17.5761221920,16.7251912102,15.7402595382,0.8509309818,1.8358626538
577,21.1793237680,24.8370394173,24.0884437988,-3.6577156493,-2.9091200308
578,18.1987190200,24.2193767506,23.9288468965,-6.0206577306,-5.7301278765
579,17.2003577720,35.2329335651,35.2192527311,-18.0325757931,-18.0188949591
580,22.6299812720,25.2999735676,25.2023886430,-2.6699922956,-2.5724073710
581,21.8591471040,36.7741387598,37.0356463430,-14.9149916558,-15.1764992390
582,12.3726468200,32.4940556400,32.2153980121,-20.1214088200,-19.8427511921
583,25.7264179880,21.7795755734,20.0378910763,3.9468424146,5.6885269117
584,37.8136217440,41.6970649916,42.9290777970,-3.8834432476,-5.1154560530
585,21.9170630880,43.3860836257,44.1561359576,-21.4690205377,-22.2390728696
586,33.0431373000,39.1728767813,40.2904098423,-6.1297394813,-7.2472725423
587,14.5410488400,31.1348793491,32.3952424806,-16.5938305091,-17.8541936406
588,26.9136956600,30.7096574384,30.9874875187,-3.7959617784,-4.0737918587
589,7.9958531720,19.8549121474,18.4410003943,-11.8590589754,-10.4451472223
590,31.8999860920,27.2357774387,27.3432072981,4.6642086533,4.5567787939
591,10.3359347160,14.3264531887,12.4854960389,-3.9905184727,-2.1495613229
592,19.7652084920,18.2195092824,17.3884870600,1.5456992096,2.3767214320
593,37.4378573240,31.7343162174,32.3078084495,5.7035411066,5.1300488745
594,11.4839122560,15.8207712609,14.1337235607,-4.3368590049,-2.6498113047
595,24.4377873440,40.9781928185,41.6541269832,-16.5404054745,-17.2163396392
596,17.5968064720,22.2536501689,21.6957638936,-4.6568436969,-4.0989574216
597,10.7303149880,19.3808375520,16.7831275770,-8.6505225640,-6.0528125890
598,31.3815001400,36.3415584206,37.1776090742,-4.9600582806,-5.7961089342
599,13.2241496800,21.3712829536,20.5775820445,-8.1471332736,-7.3534323645
600,20.9669651600,21.8281854338,21.1975369968,-0.8612202738,-0.2305718368
601,27.0412487200,22.6277647743,22.2824581632,4.4134839457,4.7587905568
602,32.0399497200,24.2269234553,24.4523004960,7.8130262647,7.5876492240
603,35.1701707600,31.3089118996,34.0616022559,3.8612588604,1.1085685041
604,36.4457013600,41.5892177058,48.0105886814,-5.1435163458,-11.5648873214
605,38.8933411600,62.7209574187,76.6835052227,-23.8276162587,-37.7901640627
606,6.4672848800,11.5803587887,10.5503068911,-5.1130739087,-4.0830220111
607,12.8380431200,12.8368406095,12.2551830097,0.0012025105,0.5828601103
608,18.4159039600,14.4359992904,14.4250253426,3.9799046696,3.9908786174
609,21.9460210800,21.5179877347,24.0343271024,0.4280333453,-2.0883060224
610,24.1040809600,31.9485914453,38.0861422004,-7.8445104853,-13.9820612404
611,25.0831368800,53.0803311581,66.7590587417,-27.9971942781,-41.6759218617
612,21.2634398400,17.6144505641,17.2039933251,3.6489892759,4.0594465149
613,25.9656661600,19.2136092451,19.3738356579,6.7520569149,6.5918305021
614,11.3625644800,16.3579687433,15.4991172064,-4.9954042633,-4.1365527264
615,31.2539470800,26.2955976894,28.9831374177,4.9583493906,2.2708096623
616,32.3295296400,36.5759034956,42.9321238433,-4.2463738556,-10.6025942033
617,33.7015868800,57.1365151081,70.8300966943,-23.4349282281,-37.1285098143
618,9.3079260000,12.6919037370,11.7829244420,-3.3839777370,-2.4749984420
619,26.9447220800,22.6295326831,25.2669446534,4.3151893969,1.6777774266
620,27.6273033200,32.9098384893,39.2159310789,-5.2825351693,-11.5886277589
621,29.7853632000,54.0415782021,67.8888476203,-24.2562150021,-38.1034844203
622,34.4875895200,38.9820692881,45.1551767762,-4.4944797681,-10.6675872562
623,36.1492266800,60.1138090010,73.8280933175,-23.9645823210,-37.6788666375
624,12.5415684400,18.7641345359,17.7221701393,-6.2225660959,-5.1806016993
625,27.5307766800,21.6197750376,21.5968885908,5.9110016424,5.9338880892
626,32.9224790000,28.7017634819,31.2061903507,4.2207155181,1.7162886493
627,9.9905072400,12.1875591733,11.2730905157,-2.1970519333,-1.2825832757
628,7.8393421200,11.8537233462,10.1530992708,-4.0143812262,-2.3137571508
629,12.2450937600,14.2524613677,13.4078627701,-2.0073676077,-1.1627690101
630,11.1695112000,14.2398411464,12.7849204403,-3.0703299464,-1.6154092403
631,17.3403214000,16.6385791678,16.0396839396,0.7017422322,1.3006374604
632,17.5402694400,23.8582409728,23.2741739003,-6.3179715328,-5.7339044603
633,30.5713658400,26.2569789942,26.5289373996,4.3143868458,4.0424284404
634,14.2032056000,18.9738921074,17.9781328341,-4.7706865074,-3.7749272341
635,24.4970822800,21.3726301289,21.2328963334,3.1244521511,3.2641859466
636,15.5752628400,21.3218252683,20.5395240585,-5.7465624283,-4.9642612185
637,26.8481954400,23.7205632897,23.7942875577,3.1276321503,3.0539078823
638,26.0621928000,28.5922919338,28.4673862941,-2.5300991338,-2.4051934941
639,38.2107599200,30.9910299553,31.7221497934,7.2197299647,6.4886101266
640,43.6989888800,33.3389631162,34.2835410178,10.3600257638,9.4154478622
641,30.1438907200,30.9402250947,31.0287775185,-0.7963343747,-0.8848867985
642,12.7346217200,16.5877743072,15.3463116646,-3.8531525872,-2.6116899446
643,20.8704385200,18.9865123287,18.6010751639,1.8839261913,2.2693633561
644,20.2774891600,26.0558762293,25.7327364523,-5.7783870693,-5.4552472923
645,34.2945362400,28.4546142508,28.9874999515,5.8399219892,5.3070362885
646,19.5390603640,33.1986504305,32.5723219422,-13.6595900665,-13.0332615782
647,47.7144971040,35.4384335522,38.0104062338,12.2760635518,9.7040908702
648,43.3770035880,34.1836826472,36.9709489892,9.1933209408,6.4060545988
649,29.8922319800,20.9975538083,20.5767077243,8.8946781717,9.3155242557
650,6.9023442360,24.1052828425,22.8401736807,-17.2029386065,-15.9378294447
651,33.1920641160,23.7162097060,25.8212288189,9.4758544100,7.3708352971
652,4.9035533120,14.7715952750,13.5124090703,-9.8680419630,-8.6088557583
653,4.5650205960,11.4067186041,10.7536534409,-6.8416980081,-6.1886328449
654,25.4609697280,21.3443475501,24.2376736522,4.1166221779,1.2232960758
655,24.2909289560,16.6342212617,16.2119270590,7.6567076943,8.0790018970
656,33.9477298120,26.9609233442,26.7148921323,6.9868064678,7.2328376797
657,11.4142751800,19.7453199327,18.7308506598,-8.3310447527,-7.3165754798
658,20.5939586440,13.3135254744,13.0045405304,7.2804331696,7.5894181136
659,25.8939606560,34.8773542795,34.5829396335,-8.9833936235,-8.6889789775
660,29.2317139720,20.3955139187,22.6138422902,8.8362000533,6.6178716818
661,31.0236620960,24.4996360548,27.2429606736,6.5240260412,3.7807014224
662,10.3938507000,18.5988157869,17.3219442250,-8.2049650869,-6.9280935250
663,33.6643551760,27.1016942029,27.3616472294,6.5626609731,6.3027079466
664,27.8748252040,21.5130640829,21.6834735993,6.3617611211,6.1913516047
665,19.3501439400,25.9577070864,25.1463409747,-6.6075631464,-5.7961970347
666,11.3922119480,15.8870713385,14.9960464472,-4.4948593905,-3.6038344992
667,12.7884008480,32.4255704764,32.0487240384,-19.6371696284,-19.2603231904
668,39.3215057560,35.2812109781,35.9234424899,4.0402947779,3.3980632661
669,4.7822055360,12.2597570026,11.7863005859,-7.4775514666,-7.0040950499
670,16.1096067400,34.0295480454,33.9856982689,-17.9199413054,-17.8760915289
671,43.3770035880,37.2760923009,37.8377031328,6.1009112871,5.5393004552
672,20.4160738360,25.9858234700,25.2701773426,-5.5697496340,-4.8541035066
673,6.9409548920,15.4301688582,14.3760914949,-8.4892139662,-7.4351366029
674,15.0305768000,19.7847127990,18.7584035883,-4.7541359990,-3.7278267883
675,13.5654403000,25.5289209897,24.6502223903,-11.9634806897,-11.0847820903
676,32.5329250600,24.7092242211,26.9964292816,7.8237008389,5.5364957784
677,15.7483213160,24.5621853228,23.4601286330,-8.8138640068,-7.7118073170
678,7.6759363080,11.8636210843,11.3736083931,-4.1876847763,-3.6976720851
679,38.8043987560,36.8851885471,37.8604167205,1.9192102089,0.9439820355
680,33.0038371680,22.1834508205,22.0131670875,10.8203863475,10.9906700805
681,17.2755106560,14.2623591058,14.6283718924,3.0131515502,2.6471387636
682,24.2819657680,18.2858093599,18.2508099465,5.9961564081,6.0311558215
683,24.0461649760,17.6272357768,17.3871275218,6.4189291992,6.6590374542
684,36.5884228920,28.5950525272,31.2927753592,7.9933703648,5.2956475328
685,50.7323335560,42.3631994224,45.5327442497,8.3691341336,5.1995893063
686,13.6640353680,19.1143260615,18.4287101001,-5.4502906935,-4.7646747321
687,14.1439106640,34.4204517992,33.9629846813,-20.2765411352,-19.8190740173
688,47.7820657520,35.4665499357,38.1342426017,12.3155158163,9.6478231503
689,2.3318078320,10.4578849727,9.1298220789,-8.1260771407,-6.7980142469
690,16.8894040960,24.7029561815,24.1068837301,-7.8135520855,-7.2174796341
691,23.5235421680,34.4864505257,34.6056532212,-10.9629083577,-11.0821110532
692,6.8085755000,19.3278103187,18.1384486360,-12.5192348187,-11.3298731360
693,39.7000280800,29.2654392647,31.6224688474,10.4345888153,8.0775592326
694,17.9642971800,15.1153975043,15.6610190374,2.8488996757,2.3032781426
695,32.8845578200,28.3845614914,28.5249408419,4.4999963286,4.3596169781
696,22.3479855880,17.4176476105,17.6336589138,4.9303379775,4.7143266742
697,10.7875414960,15.2284977553,14.1323640225,-4.4409562593,-3.3448225265
698,7.7235101520,10.9147874530,9.7497770311,-3.1912773010,-2.0262668791
699,41.6843400080,35.5973884519,35.8270854415,6.0869515561,5.8572545665
700,9.5616531680,32.7417479502,31.9523669900,-23.1800947822,-22.3907138220
701,6.8837283840,18.6574235812,17.8087551478,-11.7736951972,-10.9250267638
702,50.5268697080,43.9671769914,47.4697184803,6.5596927166,3.0571512277
703,17.1658839720,20.2022224130,19.3508056121,-3.0363384410,-2.1849216401
704,30.4396759240,22.6009604344,22.6055691113,7.8387154896,7.8341068127
705,9.7312642640,25.5008046061,24.5263860224,-15.7695403421,-14.7951217584
706,3.3198269400,13.7785807600,12.3372086075,-10.4587538200,-9.0173816675
707,26.3228147280,22.1973859486,25.2703207972,4.1254287794,1.0524939308
708,43.2508294800,29.6829488787,32.2148708711,13.5678806013,11.0359586089
709,6.2804368840,14.5620071087,13.7589404622,-8.2815702247,-7.4785035782
710,32.1026920360,25.3677978042,27.8601117063,6.7348942318,4.2425803297
711,36.9641873120,28.3564451079,28.4011044740,8.6077422041,8.5630828380
712,54.5989149640,44.3580807452,47.4470048926,10.2408342188,7.1519100714
713,21.4806247800,32.8824729567,32.6686789906,-11.4018481767,-11.1880542106
714,9.6947220360,24.2460537012,23.4869287778,-14.5513316652,-13.7922067418
715,8.3743754960,12.7166594828,12.4062555381,-4.3422839868,-4.0318800421
716,39.6621069000,28.0795422526,30.1860094841,11.5825646474,9.4760974159
717,10.0897917840,15.0189095890,14.3788954145,-4.9291178050,-4.2891036305
718,4.8277109520,18.1419133066,16.7019892728,-13.3142023546,-11.8742783208
719,10.3545505680,14.2354832402,12.9571635598,-3.8809326722,-2.6026129918
720,43.5652305360,34.0429117885,36.3241938921,9.5223187475,7.2410366439
721,51.8637636720,42.6793768962,45.4363872013,9.1843867758,6.4273764707
722,11.8520924400,20.4298964857,20.2502303305,-8.5778040457,-8.3981378905
723,17.2437947600,20.8867989660,20.8701852827,-3.6430042060,-3.6263905227
724,27.8272513600,23.2855369874,24.1249487820,4.5417143726,3.7023025780
725,35.7631201200,30.3675254317,33.7342505418,5.3955946883,2.0288695782
726,38.7002878800,33.7942940338,38.3839126837,4.9059938462,0.3163751963
727,14.3066270000,22.9983891270,23.2393289588,-8.6917621270,-8.9327019588
728,17.4368480400,23.4552916073,23.8592839110,-6.0184435673,-6.4224358710
729,31.7434750400,25.8540296287,27.1140474103,5.8894454113,4.6294276297
730,37.9142852400,32.9360180730,36.7233491701,4.9782671670,1.1909360699
731,39.3828691200,36.3627866751,41.3730113120,3.0200824449,-1.9901421920
732,15.8717375200,25.4716059409,26.1754923241,-9.5998684209,-10.3037548041
733,9.0114513200,25.9285084212,26.7954472764,-16.9170571012,-17.7839959564
734,33.6050602400,28.3272464426,30.0502107757,5.2778137974,3.5548494643
735,40.6583997200,35.4092348869,39.6595125355,5.2491648331,0.9988871845
736,40.8583477600,38.8360034890,44.3091746773,2.0223442710,-3.4508269173
737,12.0520404800,14.2669449920,12.4331975901,-2.2149045120,-0.3811571101
738,17.5402694400,16.6656830134,15.6879610894,0.8745864266,1.8523083506
739,18.9123266800,20.2885253459,19.0777852749,-1.3761986659,-0.1654585949
740,25.1796635200,22.6872633673,22.3325487742,2.4924001527,2.8471147458
741,30.9574724000,18.8013954725,16.3359783698,12.1560769275,14.6214940302
742,43.8920421600,40.0819007206,41.7146798432,3.8101414394,2.1773623168
743,54.2755507200,47.1638891649,51.3239816030,7.1116615551,2.9515691170
744,36.9352293200,33.1786589969,33.9099785988,3.7565703231,3.0252507212
745,14.4996802800,18.8449413692,17.5340202082,-4.3452610892,-3.0343399282
746,22.4355490400,21.3939772950,20.8916123799,1.0415717450,1.5439366601
747,12.6380950800,39.4221543314,40.2798014931,-26.7840592514,-27.6417064131
748,26.0621928000,39.6506055716,40.5897789693,-13.5884127716,-14.5275861693
749,33.2120589200,40.1075080519,41.2097339215,-6.8954491319,-7.9976750015
750,36.9352293200,40.9070873923,42.2946550879,-3.9718580723,-5.3594257679
751,44.0919902000,42.5062460733,44.4644974208,1.5857441267,-0.3725072208
752,52.6139135600,48.9569616701,49.7138027696,3.6569518899,2.9001107904
753,59.7637796800,49.7565410106,50.7987239360,10.0072386694,8.9650557440
754,67.3066471200,51.3556996916,52.9685662689,15.9509474284,14.3380808511
755,69.6577602800,58.4376881359,62.5778680287,11.2200721441,7.0798922513
756,71.6227668800,68.7179939421,76.5268544542,2.9047729379,-4.9040875742
757,74.1669333200,78.9982997483,90.4758408797,-4.8313664283,-16.3089075597
758,18.1263240400,22.2312901807,22.0690622887,-4.1049661407,-3.9427382487
759,22.5320756800,23.0308695212,23.1539834551,-0.4987938412,-0.6219077751
760,27.3377234000,24.6300282021,25.3238257879,2.7076951979,2.0138976121
761,29.9784164800,27.8283455641,29.6635104537,2.1500709159,0.3149060263
762,31.3504737200,31.7120166464,34.9331275478,-0.3615429264,-3.5826538278
763,32.7225309600,41.9923224527,48.8821139733,-9.2697914927,-16.1595830133
764,6.2673368400,27.9073898231,27.1657777923,-21.6400529831,-20.8984409523
765,14.6996283200,28.1358410633,27.4757552685,-13.4362127433,-12.7761269485
766,23.2215516800,28.5927435435,28.0957102207,-5.3711918635,-4.8741585407
767,27.9237780000,29.3923228840,29.1806313871,-1.4685448840,-1.2568533871
768,31.3504737200,30.9914815650,31.3504737200,0.3589921550,0.0000000000
769,38.9967625600,42.4495230729,49.5262213102,-3.4527605129,-10.5294587502
770,41.2444543200,63.0101346854,77.4241941613,-21.7656803654,-36.1797398413
771,14.9892082400,25.2488709215,25.7962220107,-10.2596626815,-10.8070137707
772,13.5206243600,22.2315883207,22.0932146733,-8.7109639607,-8.5725903133
773,24.0006595600,29.2101257136,28.9154728081,-5.2094661536,-4.9148132481
774,37.4247572800,31.6088637350,32.1702363074,5.8158935450,5.2545209726
775,11.4659858800,31.2710079691,32.6167585165,-19.8050220891,-21.1507726365
776,22.4355490400,21.2436793906,20.7887837075,1.1918696494,1.6467653325
777,21.1600184400,24.9086385259,24.1134560872,-3.7486200859,-2.9534376472
778,31.8400016800,27.3073765473,27.3682195864,4.5326251327,4.4717820936
779,14.7961549600,19.9404041397,18.4494899060,-5.1442491797,-3.6533349460
780,25.1796635200,22.3391421611,21.7042534053,2.8405213589,3.4754101147
781,17.5402694400,16.7979507342,15.7627930154,0.7423187058,1.7774764246
782,14.2032056000,19.2159691792,18.1510967137,-5.0127635792,-3.9478911137
783,21.6495464000,21.6147072007,21.4058602129,0.0348391993,0.2436861871
784,29.3923618800,28.6966956450,31.0151619727,0.6956662350,-1.6228000927
785,13.5206243600,20.4466001446,19.3215367813,-6.9259757846,-5.8009124213
786,16.2647388400,22.6884908009,22.7131696256,-6.4237519609,-6.4484307856
787,31.4470003600,25.0872288224,25.9679331249,6.3597715376,5.4790672351
788,37.2317040000,32.1692172667,35.5772348847,5.0624867333,1.6544691153
789,18.1263240400,25.7057734018,26.4161769629,-7.5794493618,-8.2898529229
790,32.7225309600,28.1045114232,29.6709404622,4.6180195368,3.0515904978
791,39.4862905200,35.1864998675,39.2802422220,4.2997906525,0.2060482980
792,41.0514010400,45.4668056738,53.2292286475,-4.4154046338,-12.1778276075
793,42.1269836000,66.0274172863,81.1272014986,-23.9004336863,-39.0002178986
794,18.1263240400,18.1276644181,18.0629441686,-0.0013403781,0.0633798714
795,26.7447740400,37.0891173496,43.7910746868,-10.3443433096,-17.0463006468
796,61.9218395600,64.5164486473,72.7337101855,-2.5946090873,-10.8118706255
797,47.2222112400,49.5882345176,54.0737991806,-2.3660232776,-6.8515879406
798,51.0419082800,59.8685403238,68.0227856061,-8.8266320438,-16.9808773261
799,55.1580800000,70.1488461301,81.9717720317,-14.9907661301,-26.8136920317
800,41.6374556400,48.5000591898,49.0938478173,-6.8626035498,-7.4563921773
801,13.7136776400,15.8492227196,14.1045794403,-2.1355450796,-0.3909018003
802,19.6914345600,18.2479607410,17.3593429396,1.4434738190,2.3320916204
803,31.6469484000,27.1451048949,27.1162488690,4.5018435051,4.5306995310
804,19.1053799600,27.6227786256,27.0642407728,-8.5173986656,-7.9588608128
805,39.5828171600,30.4784191274,30.9389592244,9.1043980326,8.6438579356
806,48.7942165200,37.5604075717,40.5482609842,11.2338089483,8.2459555358
807,24.0006595600,29.3604236179,29.0183014806,-5.3597640579,-5.0176419206
808,37.4247572800,31.7591616394,32.2730649798,5.6655956406,5.1516923002
809,11.4659858800,15.6989248152,14.0017507679,-4.2329389352,-2.5357648879
810,19.6914345600,18.2479607410,17.3593429396,1.4434738190,2.3320916204
811,14.9892082400,20.5326203684,20.5429859078,-5.5434121284,-5.5537776678
812,27.9237780000,22.9313583899,23.7977494071,4.9924196101,4.1260285929
813,34.6806428000,30.0133468342,33.4070511669,4.6672959658,1.2735916331
814,37.3282306400,40.2936526404,47.3560375924,-2.9654220004,-10.0278069524
815,38.1142332800,60.8542642529,75.2540104435,-22.7400309729,-37.1397771635
816,33.7981135200,44.2985138950,45.3007035487,-10.5004003750,-11.5025900287
817,42.4234582800,44.7554163753,45.9206585009,-2.3319580953,-3.4972002209
818,48.4012152000,45.5549957158,47.0055796673,2.8462194842,1.3956355327
819,55.9440826400,47.1541543967,49.1754220002,8.7899282433,6.7686606398
820,58.7847237600,54.2361428410,58.7847237600,4.5485809190,-0.0000000000
821,67.1135938400,74.7967544535,86.6826966111,-7.6831606135,-19.5691027711
822,20.7739118800,20.1807437722,20.2054271373,0.5931681078,0.5684847427
823,25.1796635200,21.7799024532,22.3752694702,3.3997610668,2.8043940498
824,29.5854151600,39.1421967037,45.9335576555,-9.5567815437,-16.3481424955
825,21.7529678000,19.7268230991,20.2327865015,2.0261447009,1.5201812985
826,39.0932892000,33.3289569013,34.0128072713,5.7643322987,5.0804819287
827,24.3936608800,37.2262602189,37.8399613917,-12.8325993389,-13.4463005117
828,50.5110117600,52.4336694091,55.5100546135,-1.9226576491,-4.9990428535
829,74.9874097600,54.8324074305,58.7648181128,20.1550023295,16.2225916472
830,37.1696511600,31.9091684145,31.5809928495,5.2604827455,5.5886583105
831,33.7567449600,40.8497987993,39.4340052979,-7.0930538393,-5.6772603379
832,16.4991606800,23.0299415861,21.5909385888,-6.5307809061,-5.0917779088
833,19.9879092400,21.8823693933,21.5048542463,-1.8944601533,-1.5169450063
834,36.3491747200,39.9609760318,37.4543245527,-3.6118013118,-1.1051498327
835,33.6877973600,52.5250325450,50.4304645300,-18.8372351850,-16.7426671700
836,15.4166833600,28.1717973867,25.6458997324,-12.7551140267,-10.2292163724
837,33.4189017200,31.2567953720,31.5340407982,2.1621063480,1.8848609218
838,39.0519206400,31.2897823383,30.4132242079,7.7621383017,8.6386964321
839,27.6755666400,34.5071986044,32.2988410781,-6.8316319644,-4.6232744381
840,26.8550902000,26.7176304914,25.0512330717,0.1374597086,1.8038571283
841,45.2985732000,42.3587388758,42.1557884999,2.9398343242,3.1427847001
842,30.1232064400,30.3116900071,29.3819498521,-0.1884835671,0.7412565879
843,15.5683680800,26.1193071112,24.0795097393,-10.5509390312,-8.5111416593
844,44.6090972000,34.6067797899,33.9747407188,10.0023174101,10.6343564812
845,53.5240218800,39.9334629395,40.6809435165,13.5905589405,12.8430783635
846,57.2127184800,39.6992185464,40.7666653302,17.5134999336,16.4460531498
847,65.9070108400,46.7371035376,48.2835696851,19.1699073024,17.6234411549
848,52.8207563600,43.6292174630,44.6485425388,9.1915388970,8.1722138212
849,33.3982174400,31.7470166857,32.4201347415,1.6512007543,0.9780826985
850,18.0297974000,22.2620916207,19.6850945778,-4.2322942207,-1.6552971778
851,37.3627044400,32.5945341074,29.9987530899,4.7681703326,7.3639513501
852,32.8397418800,33.5069425981,33.3368829443,-0.6672007181,-0.4971410643
853,42.6371958400,31.2036014997,31.9967086309,11.4335943403,10.6404872091
854,40.0585556000,29.7664846007,30.7739658668,10.2920709993,9.2845897332
855,41.9408250800,39.9320601333,39.9037190954,2.0087649467,2.0371059846
856,61.2323635600,44.6121870565,45.0393835890,16.6201765035,16.1929799710
857,40.8652425200,39.4784343565,40.6815005528,1.3868081635,0.1837419672
858,33.3016908000,36.5173902787,37.0875220803,-3.2156994787,-3.7858312803
859,52.4208602800,39.8849527684,39.4504637429,12.5359075116,12.9703965371
860,15.0857348800,26.2012646655,25.6763203528,-11.1155297855,-10.5905854728
861,38.4589712800,37.3997841773,37.2039886796,1.0591871027,1.2549826004
862,37.2592830400,36.9924158142,37.2001352327,0.2668672258,0.0591478073
863,35.2253288400,20.1052313270,19.9302956704,15.1200975130,15.2950331696
864,42.1338783600,35.6097621107,35.7501181122,6.5241162493,6.3837602478
865,31.8744754800,27.6369503436,27.3537956290,4.2375251364,4.5206798510
866,41.5409290000,34.2449970178,35.3804883143,7.2959319822,6.1604406857
867,39.4518167200,36.1801380655,33.1698538535,3.2716786545,6.2819628665
868,37.9142852400,35.3492749184,34.4714435277,2.5650103216,3.4428417123
869,44.2781487200,39.7838915578,40.1703791728,4.4942571622,4.1077695472
870,31.1781047200,33.3895539752,34.2999097508,-2.2114492552,-3.1218050308
871,23.6903953600,26.4431533656,26.3438872623,-2.7527580056,-2.6534919023
872,32.7638995200,28.9967251439,26.8382903948,3.7671743761,5.9256091252
873,32.3984772400,31.8647214879,32.0212075417,0.5337557521,0.3772696983
874,28.6270435200,18.2292052805,18.4561117690,10.3978382395,10.1709317510
875,36.8042288800,34.9900471041,34.0813015319,1.8141817759,2.7229273481
876,18.2849035200,24.1392674106,21.3878652999,-5.8543638906,-3.1029617799
877,33.0603742000,24.4056073648,25.3157214979,8.6547668352,7.7446527021
878,31.4194213200,25.3295131794,25.6712227225,6.0899081406,5.7481985975
879,31.0264200000,22.3210308096,21.7312682052,8.7053891904,9.2951517948
880,44.3884648800,40.3971066928,41.0148187037,3.9913581872,3.3736461763
881,12.1761461600,17.0942045714,15.4038792886,-4.9180584114,-3.2277331286
882,25.5588753200,30.8822573868,29.2097647948,-5.3233820668,-3.6508894748
883,36.4388066000,23.3414998032,22.5839094638,13.0973067968,13.8548971362
884,32.9569528000,32.9865088115,32.2357985685,-0.0295560115,0.7211542315
885,23.8351853200,28.0699665053,28.0395131678,-4.2347811853,-4.2043278478
886,26.2276670400,31.1690341174,31.1586858522,-4.9413670774,-4.9310188122
887,17.9539550400,25.5093458689,22.5624603402,-7.5553908289,-4.6085053002
888,40.6790840000,34.9134793324,35.9007109206,5.7656046676,4.7783730794
889,19.0088533200,23.5891713950,21.7427408080,-4.5803180750,-2.7338874880
890,33.7153764000,33.5640217187,34.1060700654,0.1513546813,-0.3906936654
891,8.5357128800,16.8027819624,15.6335396762,-8.2670690824,-7.0978267962
892,13.4585715200,26.9719843718,23.1778352514,-13.5134128518,-9.7192637314
893,32.2398977600,26.0828830926,25.1327602057,6.1570146674,7.1071375543
894,23.5180263600,25.6608359368,24.6653694557,-2.1428095768,-1.1473430957
895,29.7233103600,31.3029971166,29.9608958945,-1.5796867566,-0.2375855345
896,49.7732724400,37.9868896855,37.3498631498,11.7863827545,12.4234092902
897,52.4415445600,42.2315061227,41.9709293598,10.2100384373,10.4706152002
898,40.9341901200,36.7919204150,36.2290344521,4.1422697050,4.7051556679
899,44.8642033200,28.0442007946,28.0825313650,16.8200025254,16.7816719550
900,13.1965706400,19.1983999170,17.2037820137,-6.0018292770,-4.0072113737
901,37.4316520400,32.8290796019,29.5119501365,4.6025724381,7.9197019035
902,29.8681003200,31.0033046285,31.5610657417,-1.1352043085,-1.6929654217
903,56.6128743600,41.1412698254,42.4530598584,15.4716045346,14.1598145016
904,12.4588313200,17.7110815453,15.1415788869,-5.2522502253,-2.6827475669
905,23.7869220000,24.5205481196,23.8844953856,-0.7336261196,-0.0975733856
906,13.2930972800,20.2087124467,18.6086569674,-6.9156151667,-5.3155596874
907,39.4173429200,38.7557583824,38.4057484472,0.6615845376,1.0115944728
908,46.2293658000,47.6395255796,48.4797731867,-1.4101597796,-2.2504073867
909,44.5194653200,50.4200053209,49.8977818705,-5.9005400009,-5.3783165505
910,23.7386586800,23.2505763951,22.3986634492,0.4880822849,1.3399952308
911,26.1449299200,28.5765638694,27.7297347755,-2.4316339494,-1.5848048555
912,15.5201047600,23.8686664814,22.9621296401,-8.3485617214,-7.4420248801
913,43.5748832000,37.1753557833,36.8980648123,6.3995274167,6.6768183877
914,35.8596467600,37.2544094595,36.1488991925,-1.3947626995,-0.2892524325
915,41.0514010400,40.1103299622,39.0658976463,0.9410710778,1.9855033937
916,28.9855710400,33.6979456855,33.3393360593,-4.7123746455,-4.3537650193
917,46.2431553200,32.9813378756,33.0178158653,13.2618174444,13.2253394547
918,26.9171430400,25.5345529899,24.7617532478,1.3825900501,2.1553897922
919,10.5351932800,17.4816472870,17.8364880275,-6.9464540070,-7.3012947475
920,25.0969264000,27.6969611123,26.6142775451,-2.6000347123,-1.5173511451
921,29.0683081600,33.3249323285,32.3039152558,-4.2566241685,-3.2356070958
922,9.7354011200,18.0923622544,17.6382089726,-8.3569611344,-7.9028078526
923,33.7981135200,32.6355402785,32.7008423715,1.1625732415,1.0972711485
924,39.8448180400,34.1842391669,34.2408668975,5.6605788731,5.6039511425
925,26.9654063600,28.1851820171,28.5533424682,-1.2197756571,-1.5879361082
926,27.2343020000,30.8259803149,29.6187477035,-3.5916783149,-2.3844457035
927,30.6472082000,37.1222226875,37.3533064032,-6.4750144875,-6.7060982032
928,33.0534794400,35.9435650500,36.2851207545,-2.8900856100,-3.2316413145
929,24.5798194000,33.7148969373,32.8740443548,-9.1350775373,-8.2942249548
930,21.9115472800,26.7267214561,25.7355696946,-4.8151741761,-3.8240224146
931,30.8816300400,35.5411846352,35.8892340415,-4.6595545952,-5.0076040015
932,15.3408410000,23.9802649583,22.4835681230,-8.6394239583,-7.1427271230
933,24.3385028000,28.1573006682,28.3125838447,-3.8187978682,-3.9740810447
934,23.8903434000,39.8460705890,39.8705316153,-15.9557271890,-15.9801882153
935,22.9319717600,26.6438507806,26.2690346704,-3.7118790206,-3.3370629104
936,29.4130461600,30.2428122312,30.3842963440,-0.8297660712,-0.9712501840
937,28.6298014240,18.2513326755,18.4866903546,10.3784687485,10.1431110694
938,36.8049183560,34.9429843734,34.0573152717,1.8619339826,2.7476030843
939,18.2876614240,24.1419943189,21.3928050999,-5.8543328949,-3.1051436759
940,32.7204625320,24.4826473978,25.3684844077,8.2378151342,7.3519781243
941,31.4201107960,25.1093354405,25.5370319807,6.3107753555,5.8830788153
942,28.9379971960,22.4411952607,21.8414411249,6.4968019353,7.0965560711
943,40.9252269320,40.3614993539,41.0119614269,0.5637275781,-0.0867344949
944,12.1809724920,16.9462928595,15.2734800589,-4.7653203675,-3.0925075669
945,25.5595647960,30.8112376051,29.1571400611,-5.2516728091,-3.5975752651
946,36.4436329320,23.3936124910,22.6053886701,13.0500204410,13.8382442619
947,32.9638475600,32.9505338691,32.2448523381,0.0133136909,0.7189952219
948,23.8358747960,28.0700453503,28.0116148225,-4.2341705543,-4.1757400265
949,26.2331828480,31.1094697275,31.1271901020,-4.8762868795,-4.8940072540
950,17.9594708480,25.4985954745,22.5351242542,-7.5391246265,-4.5756534062
951,38.6306508040,34.9183205092,35.9523811744,3.7123302948,2.6782696296
952,19.0095427960,23.5056736895,21.6522652766,-4.4961308935,-2.6427224806
953,33.7188237800,33.4443389697,33.9885939306,0.2744848103,-0.2697701506
954,8.5364023560,16.8795666269,15.6974700971,-8.3431642709,-7.1610677411
955,13.4613294240,26.9002614055,23.1496040285,-13.4389319815,-9.6882746045
956,32.2454135680,25.9380462981,25.0122275485,6.3073672699,7.2331860195
957,23.5242316440,25.6502710077,24.6313539127,-2.1260393637,-1.1071222687
958,29.7260682640,31.4968065416,30.1040437080,-1.7707382776,-0.3779754440
959,49.7732724400,38.1375189316,37.4252595876,11.6357535084,12.3480128524
960,52.4463708920,42.1143135115,41.8807763703,10.3320573805,10.5655945217
961,40.9348795960,36.7850572223,36.2129380387,4.1498223737,4.7219415573
962,44.8683401760,28.2277610621,28.2151032665,16.6405791139,16.6532369095
963,13.2020864480,19.1973317725,17.1584746226,-5.9952453245,-3.9563881746
964,37.4316520400,32.8106792026,29.4913518321,4.6209728374,7.9403002079
965,29.8708582240,31.1662732577,31.6344132614,-1.2954150337,-1.7635550374
966,56.6190796440,41.0899831198,42.3709077853,15.5290965242,14.2481718587
967,12.4595207960,17.6546809378,15.0736496925,-5.1951601418,-2.6141288965
968,23.7869220000,24.5196689912,23.8838358363,-0.7327469912,-0.0969138363
969,13.2937867560,20.1143189193,18.5062318509,-6.8205321633,-5.2124450949
970,39.4214797760,38.9706594339,38.5749194940,0.4508203421,0.8465602820
971,46.2341921320,47.7091320706,48.5617705060,-1.4749399386,-2.3275783740
972,44.5236021760,50.3064480345,49.7867406047,-5.7828458585,-5.2631384287
973,23.7441744880,23.2967695590,22.3669180306,0.4474049290,1.3772564574
974,26.1476878240,28.7467247192,27.8589434548,-2.5990368952,-1.7112556308
975,15.5263100440,23.8335634717,22.9568004768,-8.3072534277,-7.4304904328
976,43.5783305800,37.2156588048,36.9113396619,6.3626717752,6.6669909181
977,35.8658520440,37.3159473356,36.2353237477,-1.4500952916,-0.3694717037
978,41.0534694680,40.0632672315,39.0419113860,0.9902022365,2.0115580820
979,28.9910868480,33.8000142963,33.3991791006,-4.8089274483,-4.4080922526
980,46.2472921760,32.8236884836,32.9168456078,13.4236036924,13.3304465682
981,26.9226588480,25.5591356994,24.7785959156,1.3635231486,2.1440629324
982,10.5358827560,17.5016727268,17.8679414127,-6.9657899708,-7.3320586567
983,25.1038211600,27.6446175814,26.5611245835,-2.5407964214,-1.4573034235
984,29.0731344920,33.4909625626,32.4000080979,-4.4178280706,-3.3268736059
985,9.7381590240,18.0323556101,17.5646804290,-8.2941965861,-7.8265214050
986,33.7988029960,32.8622153754,32.8537533467,0.9365876206,0.9450496493
987,37.1710301120,31.9170505066,31.5598083067,5.2539796054,5.6112218053
988,33.7622607680,40.8507648252,39.4659482073,-7.0885040572,-5.7036874393
989,16.5039870120,23.0448093534,21.6004695790,-6.5408223414,-5.0964825670
990,19.9879092400,21.7742904203,21.4172630351,-1.7863811803,-1.4293537951
991,36.3498641960,40.0753140341,37.4864937704,-3.7254498381,-1.1366295744
992,38.2155862520,52.5712293340,50.4568165576,-14.3556430820,-12.2412303056
993,15.4235781200,28.0305692932,25.5325613980,-12.6069911732,-10.1089832780
994,33.4195911960,31.3508752056,31.5833417233,2.0687159904,1.8362494727
995,39.0560574960,31.2201200699,30.4096046826,7.8359374261,8.6464528134
996,27.6810824480,34.4332327055,32.2145094717,-6.7521502575,-4.5334270237
997,26.8599165320,26.7201468155,24.9953750156,0.1397697165,1.8645415164
998,45.3047784840,42.3584082715,42.1495886779,2.9463702125,3.1551898061
999,30.1232064400,30.2056612993,29.2943961612,-0.0824548593,0.8288102788
1000,15.5697470320,26.0500155898,24.0440763370,-10.4802685578,-8.4743293050
1001,44.6118551040,34.5717939614,33.9127505911,10.0400611426,10.6991045129
1002,53.5247113560,39.8896500690,40.6587140286,13.6350612870,12.8659973274
1003,57.2182342880,39.5644998431,40.7183115777,17.6537344449,16.4999227103
1004,65.9090792680,46.5791329985,48.1920979478,19.3299462695,17.7169813202
1005,52.8269616440,43.7150648025,44.6920727801,9.1118968415,8.1348888639
1006,33.3995963920,31.8685452414,32.5008052157,1.5310511506,0.8987911763
1007,18.0339342560,22.2256614396,19.6707318102,-4.1917271836,-1.6367975542
1008,37.3633939160,32.4602018388,29.9115177348,4.9031920772,7.4518761812
1009,35.3142712440,33.6117679922,33.4186219655,1.7025032518,1.8956492785
1010,42.6440906000,31.1885604489,31.9945777483,11.4555301511,10.6495128517
1011,40.0620029800,29.7392840302,30.7687033695,10.3227189498,9.2932996105
1012,43.7982734240,40.0307309555,39.9533960062,3.7675424685,3.8448774178
1013,61.2358109400,44.5695310862,45.0044766599,16.6662798538,16.2313342801
1014,40.8686899000,39.4014630828,40.6182935564,1.4672268172,0.2503963436
1015,33.3065171320,36.6071808076,37.0852484762,-3.3006636756,-3.7787313442
1016,52.4263760880,40.0887867768,39.5950523836,12.3375893112,12.8313237044
1017,15.0912506880,26.0930907215,25.6395660600,-11.0018400335,-10.5483153720
1018,38.4610397080,37.3881419879,37.1597723514,1.0728977201,1.3012673566
1019,37.2654883240,37.0974868093,37.2654883240,0.1680015147,0.0000000000
1020,35.2253288400,20.0042062280,19.8105259555,15.2211226120,15.4148028845
1021,42.1400836440,35.6058312604,35.7846805149,6.5342523836,6.3554031291
1022,31.8751649560,27.7318842780,27.4267653553,4.1432806780,4.4483996007
1023,41.5423079520,34.1257079934,35.3048215854,7.4165999586,6.2374863666
1024,39.4559535760,36.1636391877,33.1493589945,3.2923143883,6.3065945815
1025,37.9170431440,35.1932181520,34.3508851048,2.7238249920,3.5661580392
1026,44.2843540040,39.8970884068,40.3027808650,4.3872655972,3.9815731390
1027,31.1787941960,33.5008673349,34.3612895328,-2.3220731389,-3.1824953368
1028,23.6966006440,26.4709925441,26.3340853792,-2.7743919001,-2.6374847352
1029,32.7680363760,29.1156472205,26.8895606421,3.6523891555,5.8784757339
1030,32.4012351440,31.8939862153,32.1153185417,0.5072489287,0.2859166023
