repetition,distribution,model,coefficient_error_l2,SSE,SAE
0,normal,OLS,0.18346835481334203,150.98996580814338,114.79560769107351
0,normal,LAD,0.10111514730306032,155.32361282810214,113.37397306935448
0,laplace,OLS,0.21396381288249053,138.54038928543457,102.84633914950035
0,laplace,LAD,0.14420193848729507,141.06604651219953,100.90046603524542
0,cauchy,OLS,2.527707119531955,29593.68090666885,652.1526853625567
0,cauchy,LAD,0.26785677623405085,30512.812324067265,507.30183132032664
0,contaminated_normal,OLS,0.7948539286737684,2365.9104632977906,330.54663015230335
0,contaminated_normal,LAD,0.0768375415674213,2484.2482510898744,302.4815522578906
1,normal,OLS,0.13164818193651512,135.5735880685899,116.80010163045233
1,normal,LAD,0.2062319559965779,136.93617728573116,116.60749166795267
1,laplace,OLS,0.20495231607284842,128.8057076328774,99.67398760467984
1,laplace,LAD,0.14231165174595337,130.49310672024956,98.35238770985217
1,cauchy,OLS,6.420889030918344,351682.2663792369,2059.806302033257
1,cauchy,LAD,0.42444428723184696,358707.1589280322,1503.6130882023817
1,contaminated_normal,OLS,0.4671769596228337,1495.5143966841158,232.1672586747428
1,contaminated_normal,LAD,0.3129225243884179,1524.272674883975,219.54507578067762
2,normal,OLS,0.12451782624526855,128.4637928818771,110.73921348462937
2,normal,LAD,0.1419513375412901,130.5698662681287,110.3173479599713
2,laplace,OLS,0.11860433414952942,124.01790196818652,98.10146526621989
2,laplace,LAD,0.06938843964242727,124.8477771195878,97.73331403753366
2,cauchy,OLS,1.6969519553671064,145586.7911055035,982.6550232069928
2,cauchy,LAD,0.34645646632487115,146130.76472643894,863.8123220861669
2,contaminated_normal,OLS,0.3530501702302212,866.7383199648126,200.27816646375965
2,contaminated_normal,LAD,0.13943489649652072,893.7975163255048,194.18834547408045
3,normal,OLS,0.19114481055569882,126.20110103412125,111.45292561099708
3,normal,LAD,0.2817398893806707,128.0074830012604,110.92097035691987
3,laplace,OLS,0.17395224318489713,153.5880579381582,102.71727386247709
3,laplace,LAD,0.1610303119248647,155.7565659386027,100.74916442760633
3,cauchy,OLS,1.296863346808194,27800.875700634697,584.5488720618052
3,cauchy,LAD,0.48103049783522045,27940.281208226694,547.3729007341287
3,contaminated_normal,OLS,0.14635260856002738,665.4778406572882,180.13688365199508
3,contaminated_normal,LAD,0.1453083851686861,670.7075759431189,178.42662289967956
4,normal,OLS,0.11451331294147919,133.05060434395767,118.51498099695121
4,normal,LAD,0.18516020246000198,134.46023504666948,118.04877327521663
4,laplace,OLS,0.10797496346046398,98.42057638790561,90.87717581938043
4,laplace,LAD,0.021221549935794917,99.81608622614692,89.64899818556945
4,cauchy,OLS,1.0051907998685132,2972.5208522578546,368.46530835488875
4,cauchy,LAD,0.4107251713173532,3058.1530242675244,347.36465467278384
4,contaminated_normal,OLS,0.2533224112990235,421.5493120771827,157.46845465610215
4,contaminated_normal,LAD,0.2148572433847498,423.6086854669935,156.3141986064237
5,normal,OLS,0.2991546847263241,189.67025117810036,131.24829168469125
5,normal,LAD,0.3738688988566473,192.95726389423922,129.08262170848747
5,laplace,OLS,0.16931921998119442,118.64262350591176,101.75545590035728
5,laplace,LAD,0.1148721448850166,120.34609367676327,99.96172869650484
5,cauchy,OLS,33.711798263513295,6543075.609793669,6277.670550479779
5,cauchy,LAD,0.43331348242553774,6694745.995674008,3180.2270355339533
5,contaminated_normal,OLS,0.3493235995632025,367.77517134140754,152.9023591345666
5,contaminated_normal,LAD,0.11640567522393891,386.24988958234064,144.44842685265922
6,normal,OLS,0.07333216534647186,122.91235699370424,111.662765893086
6,normal,LAD,0.1726473219924952,124.83357125714781,111.00508647860813
6,laplace,OLS,0.074126291644289,90.72043076456761,91.7481470199481
6,laplace,LAD,0.1398679980849412,92.41231604917908,91.17037531720057
6,cauchy,OLS,1.5207935854864543,78536.45829783568,922.287211372105
6,cauchy,LAD,0.09282808176565724,78902.63726602128,862.3180896475112
6,contaminated_normal,OLS,0.5973252642342628,2203.8438632772645,286.56693142125573
6,contaminated_normal,LAD,0.1477904525125705,2263.193439013129,265.66328474796325
7,normal,OLS,0.2649283300231712,117.20198065569899,100.48387887515045
7,normal,LAD,0.28335958980230086,117.62248083408042,100.18511040548947
7,laplace,OLS,0.27523677157102555,168.87223497060975,114.05750206894189
7,laplace,LAD,0.23790996862413732,170.75222080741403,113.62189683728458
7,cauchy,OLS,0.40745321609388435,9803.706646071503,431.9115707406103
7,cauchy,LAD,0.45429144072182837,9864.882614537173,420.4617697230325
7,contaminated_normal,OLS,0.38134597496220796,948.8803746052041,183.97751928689752
7,contaminated_normal,LAD,0.1633469459189983,973.5768412587851,173.04101276879535
8,normal,OLS,0.1536058114536055,165.22884522811987,128.31424768728272
8,normal,LAD,0.2167427185927654,165.99618793079722,127.90193635189348
8,laplace,OLS,0.1946378710832949,91.75515778849676,85.5961887716561
8,laplace,LAD,0.1337541389949535,93.64340841658228,84.41310601706948
8,cauchy,OLS,2.45712220033042,39270.525606366275,828.2971517635266
8,cauchy,LAD,0.24694726847964327,40078.94548746066,708.9081445977182
8,contaminated_normal,OLS,0.2353686391006459,1028.2118419074689,198.7845635522168
8,contaminated_normal,LAD,0.2026989395612958,1043.5264940817376,196.53855492111472
9,normal,OLS,0.1419092371119008,109.53450611162378,101.78614395828339
9,normal,LAD,0.15877430382827656,111.50994463948622,100.91345878075114
9,laplace,OLS,0.16644414858765022,115.98079217439371,94.5001848079346
9,laplace,LAD,0.17658098427603608,117.85097745871201,93.9216432371007
9,cauchy,OLS,0.8413185651233549,5909.257359631942,382.52519073399867
9,cauchy,LAD,0.1179879847024387,6008.847580814362,355.7597184796591
9,contaminated_normal,OLS,0.5677598172236218,2059.0469792435533,250.71918039111617
9,contaminated_normal,LAD,0.27927766937690524,2105.9255089735543,236.93091150045245
10,normal,OLS,0.16085197125487363,158.2764301348924,123.92203506689582
10,normal,LAD,0.19713276054615295,158.91381766190278,123.50207842782225
10,laplace,OLS,0.21495718127524585,123.5296157476133,99.93201641987798
10,laplace,LAD,0.14256054586167685,125.51886534632332,98.61020459899265
10,cauchy,OLS,28.302831517071763,9779042.503202334,6949.9178277874
10,cauchy,LAD,0.3113214200422351,9912766.391871657,3607.241680942361
10,contaminated_normal,OLS,0.27343664466084094,1435.9911030192607,204.85411740067985
10,contaminated_normal,LAD,0.16981492508634466,1444.0025798273978,201.971355816099
11,normal,OLS,0.19322729111500564,142.84564633201725,121.11754504638513
11,normal,LAD,0.4040077990931261,150.69166781421046,118.928656382255
11,laplace,OLS,0.15861055470397806,109.11534076848852,93.35525645708282
11,laplace,LAD,0.14152803697520763,110.33299987499379,92.02804337864009
11,cauchy,OLS,9.170797888299811,241330.03814381713,1907.0239027253763
11,cauchy,LAD,0.19563863645494795,254046.7549285154,1114.7133613107485
11,contaminated_normal,OLS,0.6229424053616412,1609.1815190152524,258.79310946083405
11,contaminated_normal,LAD,0.3417498079873213,1630.535525681543,248.75658716839354
12,normal,OLS,0.20464862923338395,170.50808825114655,126.55164513757872
12,normal,LAD,0.2896005309205665,174.7363087370024,125.96478013245027
12,laplace,OLS,0.1622566558374895,144.1040855938309,108.4832201776787
12,laplace,LAD,0.1484902243439698,144.38539516592985,108.32934077016019
12,cauchy,OLS,2.4313661345821296,27493.78795308055,583.8966779347827
12,cauchy,LAD,0.3389966095640648,28398.686226318765,415.34922982863657
12,contaminated_normal,OLS,0.5080144268153635,1192.3306001425394,201.98125558808695
12,contaminated_normal,LAD,0.11247636219038495,1224.9848579401594,193.02183090779175
13,normal,OLS,0.09084115680281754,142.03459619550043,114.79212796244317
13,normal,LAD,0.10883988540539084,142.38898314974602,114.33857038739154
13,laplace,OLS,0.1546242968017944,134.51223458802923,103.38737724265552
13,laplace,LAD,0.17576828303568154,136.80039328977304,101.45545401656052
13,cauchy,OLS,5.5133576753869,286200.2581469495,1850.4470682490028
13,cauchy,LAD,0.3061054114751362,291231.5131946148,1295.6811065462985
13,contaminated_normal,OLS,0.3433600310720191,1281.4546737046842,229.18569190376877
13,contaminated_normal,LAD,0.19322035006224886,1305.132417681789,222.03077015393725
14,normal,OLS,0.15242996728885594,148.02464398346444,116.00986306922985
14,normal,LAD,0.07029128256746568,149.89090245722733,114.96918436786709
14,laplace,OLS,0.06466081032993332,93.55437957598379,86.05428962628562
14,laplace,LAD,0.0678937081289586,94.38703528949175,84.67869651345104
14,cauchy,OLS,2.217702315578788,13253.658554000083,617.0127012694854
14,cauchy,LAD,0.5138134156368582,13736.784704958962,509.8096526244806
14,contaminated_normal,OLS,0.24873289535071758,1430.2112229079444,218.71917835107502
14,contaminated_normal,LAD,0.21457173588403097,1441.1985738591206,216.5263509388758
15,normal,OLS,0.09967682622154916,154.39083820305683,123.64412402794142
15,normal,LAD,0.16261094944489937,155.1239805756045,123.47595397482499
15,laplace,OLS,0.12929601343315708,154.0071774310633,110.31211125032041
15,laplace,LAD,0.23533215984331207,157.57270869121433,108.95915568152495
15,cauchy,OLS,6.0860933946941325,156583.86265287639,1476.0437498855913
15,cauchy,LAD,0.17733719254703026,162770.29690795153,951.7763163764406
15,contaminated_normal,OLS,0.5325130726757324,1690.513468378449,263.1590117453718
15,contaminated_normal,LAD,0.27175499133556746,1704.2916298081434,256.1736959184034
16,normal,OLS,0.2966482631619165,141.39282016823833,112.77039397621866
16,normal,LAD,0.23867870322185225,143.9390682425403,111.75749049159155
16,laplace,OLS,0.18664691564892566,154.8502870656745,111.53059209024386
16,laplace,LAD,0.17855859353384768,160.39423975938078,109.79455283633521
16,cauchy,OLS,3.707528599061252,29600.972437580807,806.0976934111022
16,cauchy,LAD,0.14409006880473937,31678.57142438828,553.2712774836863
16,contaminated_normal,OLS,0.8225091889997719,1741.2711467010158,271.0261489185199
16,contaminated_normal,LAD,0.2528006034665237,1836.7847045053486,242.85545402914602
17,normal,OLS,0.11671904021874063,140.02052345310105,115.23320136449598
17,normal,LAD,0.11409154241263811,140.98471387896902,114.75785261480272
17,laplace,OLS,0.10414017285059074,120.87869320167826,99.52101086413852
17,laplace,LAD,0.06319760307787624,122.68159755952956,97.40588305505733
17,cauchy,OLS,3.8399426448107863,52059.77614916766,898.7196675022818
17,cauchy,LAD,0.23585845482238005,54130.883814126624,653.8684030459115
17,contaminated_normal,OLS,0.5971152454086698,2679.7804095941883,271.728569782881
17,contaminated_normal,LAD,0.11816201232477512,2729.250863199916,260.51283271963075
18,normal,OLS,0.17399194513424318,123.98933587604108,108.79888952358964
18,normal,LAD,0.22896413982095803,125.21341920335801,108.1267568046708
18,laplace,OLS,0.1398074619143075,120.14740925886014,94.86402675354276
18,laplace,LAD,0.19718111840566185,120.96561854467163,94.52482258275856
18,cauchy,OLS,47.496799426087605,14884478.423917705,9813.241455680572
18,cauchy,LAD,0.39466786185145136,15225220.593687164,4604.609083593384
18,contaminated_normal,OLS,0.8728479970483969,1575.0693239176314,238.43596791690595
18,contaminated_normal,LAD,0.4280730091884658,1609.4950356749614,224.78047015930287
19,normal,OLS,0.1421986561575828,147.2564375196747,118.55649985071368
19,normal,LAD,0.18284939519133436,148.4447602233742,117.78981458822295
19,laplace,OLS,0.1932196589096179,160.96313462748213,110.03366551487852
19,laplace,LAD,0.1069738473527501,162.84208383534857,109.14821177491618
19,cauchy,OLS,14.709741943876963,950370.627571926,3001.420049403154
19,cauchy,LAD,0.16545500848878655,989697.043769182,1458.7970830616669
19,contaminated_normal,OLS,0.47606064431483974,1991.371372535065,255.36512895772256
19,contaminated_normal,LAD,0.15418270317915364,2045.6530732083304,238.60388762451404
20,normal,OLS,0.1241359337099827,140.55270020514138,114.08484129499865
20,normal,LAD,0.12540207204714093,141.2192951507222,113.51870798081619
20,laplace,OLS,0.2893822331993923,141.93374488090964,109.43112958592175
20,laplace,LAD,0.16843614151196706,144.94298464545744,108.27336417436686
20,cauchy,OLS,16.91681063264005,3739531.042373825,4390.203285278685
20,cauchy,LAD,0.23182210194028427,3781093.204279404,2539.666907757573
20,contaminated_normal,OLS,0.31141502769303026,1443.495021051404,217.86544568796177
20,contaminated_normal,LAD,0.23134750165236065,1445.1924417579576,216.24635422498443
21,normal,OLS,0.11094257428405119,138.62766805651148,112.24799168440862
21,normal,LAD,0.16242550449562373,141.6284861669574,110.67800023951276
21,laplace,OLS,0.1856632028205804,122.7105386486755,98.7567610735217
21,laplace,LAD,0.13457175587180573,124.5118229873769,97.22796205700391
21,cauchy,OLS,2.122727635768674,14458.44336912024,623.5126066837283
21,cauchy,LAD,0.20315802177246087,15186.609867487097,485.1765238555818
21,contaminated_normal,OLS,0.6208812482076033,1695.3176007582165,240.21146911096707
21,contaminated_normal,LAD,0.18750594207052473,1733.4233641545356,228.8603640972294
22,normal,OLS,0.09257385683474455,164.18166012391035,120.38480852473381
22,normal,LAD,0.10820580889324533,164.41044810184735,120.163129259712
22,laplace,OLS,0.21536699694786343,136.88898175006574,105.05009715453862
22,laplace,LAD,0.16567408914188908,138.47872788071294,104.15242070917702
22,cauchy,OLS,1.0307705224567614,5844.455356578074,453.8277087780192
22,cauchy,LAD,0.23460521199712756,5993.704724988981,414.6232058318975
22,contaminated_normal,OLS,0.7946087459336433,2514.1426063815443,284.6140894605319
22,contaminated_normal,LAD,0.3876848961344462,2552.0981898658324,271.4030051163285
23,normal,OLS,0.09463048198428137,175.57185689130378,123.68625364085773
23,normal,LAD,0.1883239039857518,178.4450760910551,122.15261497445223
23,laplace,OLS,0.11263802163174988,132.2892664590401,100.47105064704115
23,laplace,LAD,0.11428696474999304,134.37723455719149,99.24161208876737
23,cauchy,OLS,6.662102188801252,123821.7636762423,1718.8027724253652
23,cauchy,LAD,0.3576259717018532,130557.05790457313,1235.299789716445
23,contaminated_normal,OLS,0.28653099834732726,902.2465464751267,187.70940509065497
23,contaminated_normal,LAD,0.18265950252265883,910.2561977852519,184.11169250676596
24,normal,OLS,0.09931748292853382,155.4659948708241,120.66974845346833
24,normal,LAD,0.18294000656746864,156.72113180256352,120.20837816297849
24,laplace,OLS,0.08124030744900476,151.7438025498149,111.68530830272397
24,laplace,LAD,0.12454086571636155,154.51842785254152,110.63242407874861
24,cauchy,OLS,0.5325450784694917,2567.030365837923,340.9105606352527
24,cauchy,LAD,0.5708175469850815,2597.546752318057,334.5096195464016
24,contaminated_normal,OLS,0.3841224036824426,2830.3727196765003,326.5289981734644
24,contaminated_normal,LAD,0.14960690587442604,2850.130794037859,320.8862096198487
25,normal,OLS,0.19843822666971322,133.34661784592387,107.10643921959826
25,normal,LAD,0.1813727126385616,134.44714301734237,106.80178519273929
25,laplace,OLS,0.23527687774346093,222.8906988231983,126.91212450387162
25,laplace,LAD,0.13981386880928956,231.89216757338906,122.68825573437118
25,cauchy,OLS,0.8742842368412053,6905.608056647402,471.143167067369
25,cauchy,LAD,0.27729332133592627,7085.719571588028,440.2791985100171
25,contaminated_normal,OLS,0.5731211853460433,1198.7470546188724,200.72002035146238
25,contaminated_normal,LAD,0.18328007160097215,1240.081509580596,188.81387769263694
26,normal,OLS,0.12478728405034611,163.00871740977556,124.54760662501542
26,normal,LAD,0.1053019576909429,164.77174272631584,123.56804091974118
26,laplace,OLS,0.18099916002994598,127.483136030462,104.49217754383106
26,laplace,LAD,0.15657029882425563,130.66024334402425,103.2328428490447
26,cauchy,OLS,20.63749556569012,6221072.669127306,5315.889150214187
26,cauchy,LAD,0.3352444959715245,6288164.353642136,2994.389906069847
26,contaminated_normal,OLS,0.3834312788726966,1947.0781820485447,249.3246885724045
26,contaminated_normal,LAD,0.13523148023962459,1978.035072195645,235.21000705795095
27,normal,OLS,0.08503524666147032,137.41074960564106,115.05612278657765
27,normal,LAD,0.18042948516235388,140.55643330856896,114.496316594358
27,laplace,OLS,0.10891470051697542,114.16721823595839,101.25623166676078
27,laplace,LAD,0.09405466557503772,116.41566282428988,99.52869623283829
27,cauchy,OLS,2.4304621808672286,29207.85745133752,764.8610348593367
27,cauchy,LAD,0.3684168695350127,29955.916362345186,640.2806934602613
27,contaminated_normal,OLS,0.5841968570580793,1778.7777968007022,247.2043856666466
27,contaminated_normal,LAD,0.13182846877763307,1843.4650051793442,226.078117616344
28,normal,OLS,0.07876872300126503,135.1468617305797,111.84574027662018
28,normal,LAD,0.14919079841246405,138.08884995875522,110.36446850471435
28,laplace,OLS,0.15027935053028946,137.97534728988722,109.94753432628247
28,laplace,LAD,0.07938884131564461,139.17429708942325,108.73683080435144
28,cauchy,OLS,2.958839972491664,39933.40175947157,916.5465361294328
28,cauchy,LAD,0.29288005307957155,41182.2860578703,744.557218113979
28,contaminated_normal,OLS,0.284018712868801,793.935860619909,184.6225630982878
28,contaminated_normal,LAD,0.08387040037593099,806.5273009666909,178.69137461374032
29,normal,OLS,0.26482990201561296,122.68623070271683,106.15389069335913
29,normal,LAD,0.2986735159786939,123.3433886973237,105.15564924927016
29,laplace,OLS,0.24084756111460878,185.2077842153244,109.22747696863405
29,laplace,LAD,0.12191874207682121,187.56871004520158,108.01159418760278
29,cauchy,OLS,1.1165197007222447,24842.078498968593,566.5009501150988
29,cauchy,LAD,0.2659517305331889,25035.877933498952,530.3786870694439
29,contaminated_normal,OLS,0.5587255236913381,3323.5109986418515,342.7793358323418
29,contaminated_normal,LAD,0.2605993579505406,3345.273411535072,336.9365299673172
30,normal,OLS,0.2636828806817392,144.67051289530647,122.40472178611402
30,normal,LAD,0.2748115674778944,150.16151602020523,121.39131274163051
30,laplace,OLS,0.15045332884425203,163.7690711986216,112.08086794751739
30,laplace,LAD,0.09006022571791748,164.6748819603633,110.95486724391066
30,cauchy,OLS,49.67277483186552,49350476.410243034,14031.230317723795
30,cauchy,LAD,0.18466095248498374,49696054.20067506,7766.388865177556
30,contaminated_normal,OLS,0.5803429117938848,1640.7697244680212,245.3012596024753
30,contaminated_normal,LAD,0.3072700611780838,1678.2931032777947,235.4771540609525
31,normal,OLS,0.2061275041770702,115.14644092430414,104.17001924563218
31,normal,LAD,0.22635648896752075,115.7022078315655,103.95866367511947
31,laplace,OLS,0.25622073343929586,165.57834046696019,112.09757960826767
31,laplace,LAD,0.2245507161142692,168.56019595307524,110.31291222725383
31,cauchy,OLS,1.3219165218203806,12290.610954257427,542.5210040674954
31,cauchy,LAD,0.2024424375208465,12614.710808630216,484.0236888959809
31,contaminated_normal,OLS,0.2893598646248853,1273.1994970162666,224.98551485966456
31,contaminated_normal,LAD,0.10391483840430922,1279.046063821584,222.82506450419237
32,normal,OLS,0.31249026369174404,161.23823854872205,125.78674292568054
32,normal,LAD,0.28768438734097573,162.51155983599222,125.02670928750759
32,laplace,OLS,0.23601328203547767,137.63628362949362,101.72020017909023
32,laplace,LAD,0.12507202787848176,139.4053007405393,100.43627446890719
32,cauchy,OLS,1.9198800772817315,23578.483317725524,686.5791295541242
32,cauchy,LAD,0.13798087015595661,24122.78008047206,569.1052884052967
32,contaminated_normal,OLS,0.6872827820839523,2666.4208826110944,274.11693422047466
32,contaminated_normal,LAD,0.13795896700819232,2722.316573366769,250.20236062038614
33,normal,OLS,0.1768530649383704,153.37251426837494,119.22329617326508
33,normal,LAD,0.13394224856776787,154.71388257282283,118.66233432237462
33,laplace,OLS,0.07290158899436441,129.72560958925354,101.07691262525162
33,laplace,LAD,0.13370837636926844,131.5321941953329,99.63746349419375
33,cauchy,OLS,1.239462753098657,4418.424016070591,451.01003094417615
33,cauchy,LAD,0.12697346946466298,4614.421216881021,410.7733493635799
33,contaminated_normal,OLS,0.6679053525249035,2206.2782441235486,257.7888550592527
33,contaminated_normal,LAD,0.11560460646077535,2312.299093022022,230.56021933931737
34,normal,OLS,0.09384296102277445,168.59674009699097,127.55297967120957
34,normal,LAD,0.11794997221007011,172.34827843389786,126.27716496646067
34,laplace,OLS,0.10450799509206603,148.91509218252793,108.6755051770297
34,laplace,LAD,0.16539808534024797,150.6872841452963,107.83644350544101
34,cauchy,OLS,1.8103647862164822,7612.452064672844,475.6277116947326
34,cauchy,LAD,0.2792709228631718,8037.680397545622,393.49259348314297
34,contaminated_normal,OLS,0.7276869947031545,943.1284439944957,199.23145495405453
34,contaminated_normal,LAD,0.15135744877853033,998.6336984327085,183.52390524601054
35,normal,OLS,0.1390901624173272,143.15158676889027,115.50487071393601
35,normal,LAD,0.07485179181330212,143.8727133122216,115.18209648564824
35,laplace,OLS,0.14502832430856996,137.19422107464814,99.56413465141728
35,laplace,LAD,0.056998971180778284,138.6915320157744,98.41223533472102
35,cauchy,OLS,8.511606979281138,397038.54656719055,2109.6727329193955
35,cauchy,LAD,0.18229750814501977,407997.9048902189,1445.3672964600823
35,contaminated_normal,OLS,0.6946309440683045,969.1206783315273,185.43744396258143
35,contaminated_normal,LAD,0.25541436149771685,1005.6158107556446,169.3452924437343
36,normal,OLS,0.12316669851493812,125.27541170952098,107.81518562615345
36,normal,LAD,0.11479508825752756,126.60354929612883,106.88637225709056
36,laplace,OLS,0.2610006371441921,128.97496104148468,106.91067041629665
36,laplace,LAD,0.2234869559061415,130.84676248426055,106.10289098928273
36,cauchy,OLS,1.1902923844572393,14552.92789055811,556.5477587217199
36,cauchy,LAD,0.3057214322417263,14713.0564592356,522.1408256700262
36,contaminated_normal,OLS,0.40651970793633624,1982.2940874481958,267.444479487902
36,contaminated_normal,LAD,0.3010885882451221,1985.5180439682724,265.4310890294661
37,normal,OLS,0.2202964902665202,156.9788402346015,124.2353396982788
37,normal,LAD,0.31380201554716497,160.12307328265405,123.75727353961832
37,laplace,OLS,0.106624658373741,124.75014804367825,95.53478524848643
37,laplace,LAD,0.060947700524493276,127.06244617438334,93.6333815802891
37,cauchy,OLS,1.601137390964124,10670.919478581234,561.9930618092444
37,cauchy,LAD,0.2383258507289682,11058.827028261325,481.5473986417669
37,contaminated_normal,OLS,0.40888743540220945,2362.812972111529,281.88026318269704
37,contaminated_normal,LAD,0.26069128289731563,2387.8837334733457,274.37073212748203
38,normal,OLS,0.15967356718029782,144.643520223197,120.2670721827261
38,normal,LAD,0.19290641593740454,146.4229847002097,119.83655503587073
38,laplace,OLS,0.22466216625031837,139.2809652833074,104.99294290831074
38,laplace,LAD,0.12423544925674823,148.703941864245,102.62819472813223
38,cauchy,OLS,0.6619552646185723,7647.416544668392,372.6082991046867
38,cauchy,LAD,0.39916084723163164,7677.433104967907,362.70505384623414
38,contaminated_normal,OLS,0.6086711112668817,1644.0230133272773,239.2219638278171
38,contaminated_normal,LAD,0.4779561127764147,1676.1448559516537,228.64883808986747
39,normal,OLS,0.07647069497443093,163.85420661372046,124.53755302891298
39,normal,LAD,0.18628246332569198,165.54088626601774,124.03000932142947
39,laplace,OLS,0.16303115985699995,185.69809412896072,124.19135509083833
39,laplace,LAD,0.10381545721278455,189.61853552401746,122.90189761127273
39,cauchy,OLS,36.39816971691029,3257975.9174155607,6287.350781158737
39,cauchy,LAD,0.27383028664383785,3444214.632212339,2826.1362535017843
39,contaminated_normal,OLS,0.272241196137366,799.858972028428,198.34526441738328
39,contaminated_normal,LAD,0.12105933950460764,813.2204268784315,194.7127003375455
40,normal,OLS,0.14414965116553471,135.71296989848102,117.38069273131978
40,normal,LAD,0.2071420201863182,138.64207875484075,116.12801704785042
40,laplace,OLS,0.20648791067630012,120.03923888487888,100.73214387151795
40,laplace,LAD,0.21978358191240052,121.608542824359,99.43882622455558
40,cauchy,OLS,13.26596574276796,1024172.8823204649,2913.1945673499017
40,cauchy,LAD,0.32712652491665284,1050590.2236235593,1615.3459185824624
40,contaminated_normal,OLS,0.47996204620612615,1309.0844232161157,204.49227396849443
40,contaminated_normal,LAD,0.1567412278811293,1332.8526341089157,196.14830276449783
41,normal,OLS,0.1625188992220491,161.54433433012767,124.96655806927498
41,normal,LAD,0.2083231316920656,162.51297865231,124.27907724174858
41,laplace,OLS,0.19150922866390843,136.3568260746476,107.22469521205798
41,laplace,LAD,0.12653339272007155,139.93785254198747,103.6664684875049
41,cauchy,OLS,0.6276003647207078,7923.263934810909,432.5200146235998
41,cauchy,LAD,0.1541953347037717,7972.492522274284,413.44250517944056
41,contaminated_normal,OLS,0.6070872665356621,1983.210640665038,281.142021243544
41,contaminated_normal,LAD,0.3226303282439507,2066.594673342999,261.96952319782764
42,normal,OLS,0.18239624328515847,178.1274995437029,131.97900868940556
42,normal,LAD,0.3205707612907717,181.80648806157055,130.52460258151996
42,laplace,OLS,0.13095751267973185,150.53707252694895,104.95627241161395
42,laplace,LAD,0.1187087355374455,150.81984835896404,104.71517932415266
42,cauchy,OLS,5.7808321812108465,322770.4241866963,1421.3344744796443
42,cauchy,LAD,0.17478717709384187,326870.4470413232,971.5019511455654
42,contaminated_normal,OLS,0.48517889132180736,1183.1425844812293,220.60440239289875
42,contaminated_normal,LAD,0.14884174032355754,1201.7662456270193,209.99136908238677
43,normal,OLS,0.1544078962944008,165.45774246983683,131.64896802348204
43,normal,LAD,0.17416916344148436,167.16349057985627,131.37446930311296
43,laplace,OLS,0.16565399329123598,209.8589767136246,126.6639439187762
43,laplace,LAD,0.06985507545697908,211.65424092786066,125.70814594519783
43,cauchy,OLS,1.8401147777088334,19461.998413921618,562.96063197685
43,cauchy,LAD,0.2637829616072947,19858.753157266132,474.31987698629183
43,contaminated_normal,OLS,0.48385573768733986,2190.179993519357,270.1820337785865
43,contaminated_normal,LAD,0.3336950530556034,2204.932038777907,263.10376969779236
44,normal,OLS,0.14445160284423697,153.63248775195007,122.83855695109443
44,normal,LAD,0.2448260986415819,157.24858171384173,121.16395917832432
44,laplace,OLS,0.059250243945138246,125.29368120631061,95.12001043633231
44,laplace,LAD,0.06793362027806248,126.12419119629871,94.12233782003551
44,cauchy,OLS,0.6642314758486105,2807.4670691533156,326.727596526071
44,cauchy,LAD,0.2851722622655673,2888.6589042262085,307.06546986590365
44,contaminated_normal,OLS,0.2310194456569274,782.8657849330708,184.21155395472806
44,contaminated_normal,LAD,0.10080187988406059,788.6427477433137,182.08506239209845
45,normal,OLS,0.15698079294670683,142.59822038263138,116.46276801979836
45,normal,LAD,0.21352949872756857,143.9553502537872,115.64916982441505
45,laplace,OLS,0.18526215299686657,144.71554265181595,105.9003958945776
45,laplace,LAD,0.10726633591598213,145.818597638867,105.23631892074565
45,cauchy,OLS,1.112831636093845,4145.157743736656,408.2227138445012
45,cauchy,LAD,0.16883125624069173,4282.324916826131,375.6593795456406
45,contaminated_normal,OLS,0.4430563874361157,823.190631359591,170.13377601792777
45,contaminated_normal,LAD,0.14801846421635978,837.1667222136103,164.95584072530903
46,normal,OLS,0.1350814699512418,153.10484638757904,123.18594279553291
46,normal,LAD,0.23429262109762417,154.8360488811071,122.56850237351877
46,laplace,OLS,0.18402751692890224,143.77775630104088,112.74641309010742
46,laplace,LAD,0.12999589295242103,146.8660770780355,110.66948537035796
46,cauchy,OLS,1.7947640095642017,15142.978740480768,569.7013100455607
46,cauchy,LAD,0.16290858964259378,15672.291276344102,473.6382008881134
46,contaminated_normal,OLS,0.4120451692503216,1216.307820506915,210.2179647524614
46,contaminated_normal,LAD,0.08386087358169406,1242.2874598059245,202.4229388210568
47,normal,OLS,0.08288220127581823,135.09892166595122,113.70638258406471
47,normal,LAD,0.12534807061140268,137.93553033288626,112.68526866423632
47,laplace,OLS,0.10662467218421852,142.594351424956,104.15522302751762
47,laplace,LAD,0.11669352669768777,143.3070037803768,103.39857020407791
47,cauchy,OLS,7.3120214807177275,131657.0082668142,1382.7914212005976
47,cauchy,LAD,0.10586854058181583,139788.9833348313,794.5465581835891
47,contaminated_normal,OLS,0.09725676542868728,1332.8768695987274,208.22990735110383
47,contaminated_normal,LAD,0.31668657176712484,1347.7830673060473,203.0982506729603
48,normal,OLS,0.10077667605970947,157.9610212370821,125.94645373431064
48,normal,LAD,0.1804095931806303,161.3714260386444,124.64053983097472
48,laplace,OLS,0.12871531518599894,142.78683497775975,110.87961329902933
48,laplace,LAD,0.04295820417010229,144.7891459602318,108.61381712255849
48,cauchy,OLS,14.66095043041229,1069973.2302417078,2831.112806344484
48,cauchy,LAD,0.2687403431477119,1102615.6428603388,1522.5529878469388
48,contaminated_normal,OLS,0.9926680302485512,1214.7764840042148,222.15598237908313
48,contaminated_normal,LAD,0.42125231054124956,1272.8848809604208,200.30807652680159
49,normal,OLS,0.15921071914465088,140.7453224911394,109.82855522125118
49,normal,LAD,0.13817000327135903,142.02826478223523,109.12708809022416
49,laplace,OLS,0.14234487695284673,141.07768770102618,100.22834108215764
49,laplace,LAD,0.062331805589015535,142.9511904992371,99.00181030410715
49,cauchy,OLS,0.7040967828357315,7581.54910399894,412.2611062636885
49,cauchy,LAD,0.2466822928457119,7699.623262256453,377.723437817999
49,contaminated_normal,OLS,0.500466818130448,1166.017827307877,212.300323317712
49,contaminated_normal,LAD,0.2977856886673716,1188.2179053831148,206.0004785465941
50,normal,OLS,0.05877906802748961,161.04466032205832,124.34464725816152
50,normal,LAD,0.05654694250103477,161.82043220925166,123.7305122670771
50,laplace,OLS,0.15163800096727564,163.60515389467304,120.62423424240976
50,laplace,LAD,0.08280332708608745,164.78016424411885,119.79476937470167
50,cauchy,OLS,0.9125558295476888,17104.279326134863,544.0054106826404
50,cauchy,LAD,0.2569859782912896,17188.03464955098,519.6252062658828
50,contaminated_normal,OLS,1.3100224619176177,4239.914318882598,392.3335371600417
50,contaminated_normal,LAD,0.4863350603740806,4452.295028121235,335.404572073858
51,normal,OLS,0.12232876302334975,110.45744121971931,103.29059659029096
51,normal,LAD,0.17765664752973692,112.42541526181445,102.62778267158296
51,laplace,OLS,0.14215657449703703,147.67100311798336,102.45986664583431
51,laplace,LAD,0.11385664672323352,149.19140449606192,101.72680392596897
51,cauchy,OLS,9.488677621301925,265513.75432952313,1961.3017266353386
51,cauchy,LAD,0.3078063281680433,278595.1512044613,1193.5189696185603
51,contaminated_normal,OLS,0.3875564443328712,1007.6329650360497,181.19092426475729
51,contaminated_normal,LAD,0.18069790600726746,1016.9110988607989,176.72722862598533
52,normal,OLS,0.17901539402866998,113.29443745423458,107.32026937368327
52,normal,LAD,0.18717898956929,113.8169646070344,107.17597102684941
52,laplace,OLS,0.16319072158406445,132.2112501340586,98.11638255568255
52,laplace,LAD,0.08576820329837073,133.8082086723674,96.36732757740074
52,cauchy,OLS,1.8449245603300597,32617.0954620523,812.4338979613577
52,cauchy,LAD,0.33929432641903295,33157.38206642655,698.4400014046855
52,contaminated_normal,OLS,0.5822174123454957,1742.6175949750204,266.70643062830027
52,contaminated_normal,LAD,0.30602340377504383,1755.6124573100203,262.0590306937393
53,normal,OLS,0.17311310239843222,134.90553360625194,116.11585882593553
53,normal,LAD,0.10676031062231797,137.1373933107689,115.83860425301617
53,laplace,OLS,0.13387242232727525,150.83528872421758,105.42547365852789
53,laplace,LAD,0.10436371603921521,151.37777975207177,105.0624910013482
53,cauchy,OLS,1.614476552191775,9249.279022431985,483.7925041052131
53,cauchy,LAD,0.11890470622319571,9547.836825014962,415.3450751301661
53,contaminated_normal,OLS,0.6755004360636365,2497.3961431527027,268.53355759004216
53,contaminated_normal,LAD,0.138983930633087,2553.3404676903665,246.70110199337967
54,normal,OLS,0.08039458284043706,159.13018323149623,121.11083108386198
54,normal,LAD,0.13023287460774727,160.34039335580275,120.04454692253489
54,laplace,OLS,0.202652931117982,130.197261809014,100.89932559617036
54,laplace,LAD,0.1959465734643632,130.87999611296283,100.49136826148246
54,cauchy,OLS,0.987631863435318,17753.30079079997,563.3485524260042
54,cauchy,LAD,0.2514794571214979,17856.450096693658,539.1082128565173
54,contaminated_normal,OLS,0.3289358588337077,1247.9192824516492,214.90011596107718
54,contaminated_normal,LAD,0.07801641440145682,1260.9299977078574,210.13711985069955
55,normal,OLS,0.21891814203699164,150.5416734270621,116.02229195204048
55,normal,LAD,0.26762153892004176,150.9529721030097,115.5772024912417
55,laplace,OLS,0.18363015819797052,170.77989678710097,117.6857727946508
55,laplace,LAD,0.06765240974570585,174.5088858599894,115.45769187473525
55,cauchy,OLS,12.308569365698503,758427.5604095755,2526.64262330957
55,cauchy,LAD,0.21930986333197325,781563.0696915074,1300.1323853460424
55,contaminated_normal,OLS,0.43448965415436763,1643.3743147530283,229.61977331216482
55,contaminated_normal,LAD,0.1814670758425513,1660.6108616975137,224.4446910694435
56,normal,OLS,0.10330433506335594,108.58381033853908,100.69424858665256
56,normal,LAD,0.1123932769200865,111.99121093684259,98.30080016435647
56,laplace,OLS,0.2076245148939138,154.9458336614052,114.28188487904998
56,laplace,LAD,0.18739747281426755,159.32027175683186,112.58629125620851
56,cauchy,OLS,2.8099509985580937,20943.20327905976,832.0743353665451
56,cauchy,LAD,0.25582791792630755,22144.339103995895,669.6518140358617
56,contaminated_normal,OLS,0.4877206590346411,1462.0095101757736,224.1482534822913
56,contaminated_normal,LAD,0.1485785171183964,1512.4682366983634,211.91698723158024
57,normal,OLS,0.10468382678603713,151.27254482941797,119.29286118771392
57,normal,LAD,0.09216710455009618,151.3299686161295,119.20856602593847
57,laplace,OLS,0.11732447147955086,152.7813149549556,108.12841928562062
57,laplace,LAD,0.10950285641025831,155.79686446499935,105.79788184108402
57,cauchy,OLS,1.1792325186952755,10011.873562717446,488.733217452483
57,cauchy,LAD,0.18183742302126243,10269.625682078111,432.34658245855604
57,contaminated_normal,OLS,0.21657634875481585,1385.5123873370758,219.0295047661728
57,contaminated_normal,LAD,0.3332756591815298,1421.2047484290176,207.33792671651736
58,normal,OLS,0.24801976911725063,146.74596581181663,122.66889142334759
58,normal,LAD,0.257724482200887,149.56925173115803,122.35719148238539
58,laplace,OLS,0.2804516975955906,162.00569283403547,112.76308757511518
58,laplace,LAD,0.0775182588145693,170.07785142881107,109.54395887743186
58,cauchy,OLS,4.979189227964329,84602.29218779728,1103.889021658178
58,cauchy,LAD,0.19303840419848656,87888.75852134606,719.6386837183663
58,contaminated_normal,OLS,0.4217233313673659,1014.0981599361719,213.56693713537723
58,contaminated_normal,LAD,0.16090854094048676,1041.632837442403,207.29379552704225
59,normal,OLS,0.24697353673975686,153.10560506842518,119.84396209489614
59,normal,LAD,0.2341356945037512,157.97420615276926,117.46176598837788
59,laplace,OLS,0.12005964339158849,150.75984215897833,109.95327155147834
59,laplace,LAD,0.1837124566588765,154.81672937674952,108.89942146995516
59,cauchy,OLS,23.307936387975616,4142696.9870594316,4933.928473155587
59,cauchy,LAD,0.27559586855150703,4213361.7273921445,2600.553335576688
59,contaminated_normal,OLS,0.46915310246221126,927.7755407506745,194.6149949968297
59,contaminated_normal,LAD,0.2023666108882164,944.2092487881251,190.28921051475416
60,normal,OLS,0.17467781289185325,147.8037684344118,113.97343069375212
60,normal,LAD,0.09978403680023756,148.58055284029507,113.71267585514346
60,laplace,OLS,0.20806623558755202,152.05558261288965,110.21989697366627
60,laplace,LAD,0.10783180300879003,154.71381773828708,108.47587933838672
60,cauchy,OLS,8.715039835759427,241406.08362377668,1784.2599905434354
60,cauchy,LAD,0.16544659590996125,250304.84436666768,1120.6943918905454
60,contaminated_normal,OLS,0.3787910249214395,830.0514427606206,205.75219196616348
60,contaminated_normal,LAD,0.3137834706165912,848.8116486870631,201.95915246633686
61,normal,OLS,0.17304244794959947,125.68424179341818,112.04430311551363
61,normal,LAD,0.18588330637732475,126.8657417096183,111.46725816427879
61,laplace,OLS,0.289424258576453,173.30385974826376,111.38939072743418
61,laplace,LAD,0.19712368184111315,175.26055420863653,109.69684815426866
61,cauchy,OLS,6.182398017801631,207230.14889437045,1330.4790122001332
61,cauchy,LAD,0.3679665429119851,212231.7995560517,834.7590078145404
61,contaminated_normal,OLS,0.24519201170197738,1760.7181140439845,233.1522433505204
61,contaminated_normal,LAD,0.1991064316845497,1772.318307988573,229.73669124111512
62,normal,OLS,0.0975345261308864,178.8543853073498,131.46439133184862
62,normal,LAD,0.06146068333570995,180.46565600721584,130.32864168091197
62,laplace,OLS,0.20032331382331278,156.16506779858128,113.86190426137301
62,laplace,LAD,0.20141670868753878,160.01069069293095,112.35400390800777
62,cauchy,OLS,0.6671400993901575,6815.191449471139,441.74569623288187
62,cauchy,LAD,0.2658486093093166,6862.380619235776,430.88518159743984
62,contaminated_normal,OLS,0.8876014447382312,2076.358029816313,277.7144853561018
62,contaminated_normal,LAD,0.05581634677568441,2206.354148555689,245.1563920187565
63,normal,OLS,0.19349549337720567,165.50947379812632,124.82654506996658
63,normal,LAD,0.20774621186134556,170.15278573552914,123.40596384074195
63,laplace,OLS,0.10289002325750121,117.71716996824772,96.09500583824986
63,laplace,LAD,0.06525478180139967,119.06202661077418,95.01441804648837
63,cauchy,OLS,2.099474936419866,61220.477812152894,871.7717656730157
63,cauchy,LAD,0.3127497312216297,61986.50042558466,751.6359766666137
63,contaminated_normal,OLS,0.5988933554753343,1303.7641126736935,216.77340963137075
63,contaminated_normal,LAD,0.17832285012383425,1346.745459883185,197.62024508319882
64,normal,OLS,0.2393624739586627,150.61794717867394,118.80017011373911
64,normal,LAD,0.4623609805092061,158.516839886034,117.21542638551048
64,laplace,OLS,0.12946653977747974,117.23706706607821,101.44138361421548
64,laplace,LAD,0.1832587664120921,125.77742975139577,99.17526671668931
64,cauchy,OLS,1.0106974272632148,3883.769593199051,388.3200802106102
64,cauchy,LAD,0.2714424002869552,3976.98934336845,363.1111163037484
64,contaminated_normal,OLS,0.2904003963795413,1219.1477997364198,192.38541845001805
64,contaminated_normal,LAD,0.12942206513815463,1235.0910939447817,187.59896633775622
65,normal,OLS,0.21715367921734266,137.83189461268796,116.91256807770014
65,normal,LAD,0.19261032801826433,139.5912024754304,115.65133526579606
65,laplace,OLS,0.17861663120666893,166.5119017960013,115.10511604743043
65,laplace,LAD,0.06665469986193319,169.92968737919938,113.6028581881776
65,cauchy,OLS,1.3412725617063526,4631.698584696043,431.9980227568957
65,cauchy,LAD,0.34254040850361295,4840.819857777209,395.8878808361266
65,contaminated_normal,OLS,0.7621981382784501,1773.7305598415855,246.64066350963907
65,contaminated_normal,LAD,0.13954916338931725,1837.917170161311,226.14964402025882
66,normal,OLS,0.06959483205587262,180.87020588156795,129.9240741972104
66,normal,LAD,0.08899033372695783,181.5367942567704,129.4787162173836
66,laplace,OLS,0.1791102584614314,127.80302865631585,99.95835737180079
66,laplace,LAD,0.1963705318932145,128.07692073728808,99.7009339605718
66,cauchy,OLS,2.5152478395642786,31009.253888888943,644.7211828656201
66,cauchy,LAD,0.35677335073181465,31618.077729962268,526.7241542841567
66,contaminated_normal,OLS,0.3596825198030188,1474.8156285889636,245.12678731694805
66,contaminated_normal,LAD,0.25104001883310395,1489.5832874854498,239.65610230081796
67,normal,OLS,0.05297521520660541,161.91773067121713,122.32584952419215
67,normal,LAD,0.13586689703575158,166.12146016321876,120.47283710005371
67,laplace,OLS,0.16102067905251083,104.43838876415258,96.25001058365989
67,laplace,LAD,0.152921305740389,109.69364429312844,93.07861999007255
67,cauchy,OLS,24.03418130516416,4058239.8077653577,5413.356287404277
67,cauchy,LAD,0.17399733531168798,4154770.021255202,2703.754910469919
67,contaminated_normal,OLS,0.7392388293954496,1413.363883679684,230.831978112699
67,contaminated_normal,LAD,0.38907355091089624,1438.414627399011,221.95975993290824
68,normal,OLS,0.1261886736416792,163.0316315749618,127.06390146966802
68,normal,LAD,0.15109697135985467,167.15571275319084,125.1732304570847
68,laplace,OLS,0.09741907558862127,117.5389952156894,97.84200116071005
68,laplace,LAD,0.09959405066709859,118.78047815947808,96.98815181960921
68,cauchy,OLS,0.7466879543009054,11385.563386419239,460.6544806693198
68,cauchy,LAD,0.20135952604206836,11476.885272144835,438.7856766556709
68,contaminated_normal,OLS,0.6015703685736254,1646.0544637036196,248.82024915339784
68,contaminated_normal,LAD,0.14135121420542723,1688.4242683109594,231.93328547587123
69,normal,OLS,0.12971222094722232,144.18263695142574,116.57372134807406
69,normal,LAD,0.1771722175018696,145.92130784485545,115.23681881222373
69,laplace,OLS,0.12094030385052976,155.65618537229673,109.82011214563951
69,laplace,LAD,0.053732973697467566,156.79921220227874,109.14246524384248
69,cauchy,OLS,41.40685561657096,7607364.556147299,7787.001904691319
69,cauchy,LAD,0.24164752381965615,7825634.887497596,3712.0237855424202
69,contaminated_normal,OLS,0.4646829679272584,1167.8447526960392,209.09228732318962
69,contaminated_normal,LAD,0.11685067745999894,1193.1874869526314,201.14567617276663
70,normal,OLS,0.15669725602715162,116.59287763646992,105.90733952630426
70,normal,LAD,0.1277291172068343,117.3499642470604,105.49729257990074
70,laplace,OLS,0.22036449551615572,111.47550256948476,93.13335377840352
70,laplace,LAD,0.15288357558247284,116.46488090984852,90.63855937213164
70,cauchy,OLS,0.2469346982389327,5090.642508362553,389.48939685131563
70,cauchy,LAD,0.26220335566648084,5117.932909330115,384.3705915679053
70,contaminated_normal,OLS,0.5976319699574933,1399.3964513360986,251.75500726033815
70,contaminated_normal,LAD,0.06135475657224168,1446.0995587718205,229.96850532996956
71,normal,OLS,0.10899691417763561,128.31012316337242,106.25836559398658
71,normal,LAD,0.18550118930320003,130.707079228579,104.70756605041655
71,laplace,OLS,0.12134083711187468,178.44037647816276,116.93610355425974
71,laplace,LAD,0.03725941796625449,179.8840050244769,116.62882075003137
71,cauchy,OLS,2.0935491914325253,28502.2954514559,757.8980092295193
71,cauchy,LAD,0.17230400305782814,29220.837972032146,618.0842580695651
71,contaminated_normal,OLS,0.431953648248578,1416.6306736034844,214.46580361859083
71,contaminated_normal,LAD,0.2417615867847753,1432.0841777680823,206.93003292427565
72,normal,OLS,0.1754611257403372,164.67685253620814,127.79875250094277
72,normal,LAD,0.3583780835994101,174.6017253953617,125.26308256498287
72,laplace,OLS,0.15802076189503567,185.0188809412865,121.05433253115886
72,laplace,LAD,0.06477979844696054,186.65581367648187,120.06892491214964
72,cauchy,OLS,6.795140993982537,310092.7878713464,1972.5714813623204
72,cauchy,LAD,0.16750387148173243,316717.4813110671,1440.7367821106327
72,contaminated_normal,OLS,0.35985905833837395,697.4088021523081,176.05553605902526
72,contaminated_normal,LAD,0.26081469203357954,718.0549423270921,169.2401917779116
73,normal,OLS,0.23962940623520032,134.98518800787468,111.66869054575375
73,normal,LAD,0.2131361309504623,135.52690218679862,111.20377341719387
73,laplace,OLS,0.24243458849633368,165.49858561592254,110.92295061709089
73,laplace,LAD,0.15266839360358153,168.1456332368508,109.06645840258352
73,cauchy,OLS,3.374953400867095,89277.56084341038,915.6415090403257
73,cauchy,LAD,0.1986245837983503,90937.31056435124,669.7064513677437
73,contaminated_normal,OLS,0.47660204754599167,963.6712672926957,209.71682995074804
73,contaminated_normal,LAD,0.20095450633637837,976.1617910745784,203.83158015444286
74,normal,OLS,0.2422193681771198,131.06324786622508,116.05924573844867
74,normal,LAD,0.35187227576400587,133.47037440390434,115.34327148957709
74,laplace,OLS,0.2273902146349814,156.42168774619174,107.22217832745758
74,laplace,LAD,0.09252835127602856,159.3074850044796,105.11547395289298
74,cauchy,OLS,3.946496269543056,25451.265783908577,798.584384814399
74,cauchy,LAD,0.39295515888845156,27247.050901012837,570.3053156742075
74,contaminated_normal,OLS,0.24181538285692217,1676.5220034292627,212.2021267573176
74,contaminated_normal,LAD,0.09071288170574236,1683.1888473248441,208.92091871813932
75,normal,OLS,0.27619227009224545,146.45567727748957,119.70014410152302
75,normal,LAD,0.3194206576686128,146.8772770167948,119.39526345447449
75,laplace,OLS,0.13045551595322266,116.27466512716315,93.52394532849402
75,laplace,LAD,0.06617265638058403,118.41924057838636,91.0551245163273
75,cauchy,OLS,1.760556644369879,14827.747285710679,617.9973227826249
75,cauchy,LAD,0.3066890209692172,15202.161676961006,528.427657034275
75,contaminated_normal,OLS,0.44551056491897684,2520.8041502885676,294.178489455707
75,contaminated_normal,LAD,0.21849420880608703,2587.6927039836114,274.99447564006726
76,normal,OLS,0.263067899463104,154.8160893498476,123.16457502192713
76,normal,LAD,0.32970064889467393,156.29795553670832,122.3819254098646
76,laplace,OLS,0.11645529775297193,146.94328603718145,107.9520619905212
76,laplace,LAD,0.09674025546578326,152.04932844447634,105.47720772651586
76,cauchy,OLS,2.3036464378897414,23927.976950410295,708.4507418005196
76,cauchy,LAD,0.22612799500298297,24665.85359257525,585.1120871112502
76,contaminated_normal,OLS,0.4295486830246709,527.7193904335919,165.00401803279883
76,contaminated_normal,LAD,0.2840350255648787,544.1195911301812,161.10852248062798
77,normal,OLS,0.13592762446798498,148.2383609289709,120.48986510589033
77,normal,LAD,0.2561733668856476,150.7652275240461,119.53128479684017
77,laplace,OLS,0.11822233370065668,157.08769123047526,96.78716472046557
77,laplace,LAD,0.12404201060757716,157.4548371469632,96.44583214815304
77,cauchy,OLS,1.0432192753155252,17499.644295618553,640.935777014437
77,cauchy,LAD,0.28972626080068814,17697.365900831686,603.5615073875867
77,contaminated_normal,OLS,0.7701469271050645,1506.168295829455,251.4965460226534
77,contaminated_normal,LAD,0.16669054997144012,1604.5758800735352,218.3105613160352
78,normal,OLS,0.19206075613423332,138.2269418563848,115.37526351836308
78,normal,LAD,0.2807947799251118,139.72204491214902,114.42329095806747
78,laplace,OLS,0.10920891606392638,177.25423505853223,113.7662261490041
78,laplace,LAD,0.08635338270517974,177.81720723689003,113.21988957556792
78,cauchy,OLS,3.2267148558880328,54067.96865463385,1084.8415827463393
78,cauchy,LAD,0.4811771728739814,55541.52618976877,870.1150334504522
78,contaminated_normal,OLS,0.314082483884082,1446.7237505412968,231.42326050502518
78,contaminated_normal,LAD,0.19332245575073947,1470.6874995858955,225.32544397706764
79,normal,OLS,0.11233544277289291,135.53843813679276,117.06885533539155
79,normal,LAD,0.26590352552434127,138.75716610744325,116.30942503451247
79,laplace,OLS,0.19764235675260475,104.61070388545085,94.45203899782382
79,laplace,LAD,0.15749732101323696,107.56478047320981,91.98687362681618
79,cauchy,OLS,2.581065319008212,53081.45028015751,913.3513459261031
79,cauchy,LAD,0.31821946446405747,54058.24361508215,765.9815597534144
79,contaminated_normal,OLS,0.4299760735113386,1308.5537392149347,217.3714726733316
79,contaminated_normal,LAD,0.15459934825436705,1340.0370602154255,207.185079451602
80,normal,OLS,0.1823325061102781,133.58505818325207,113.81690297609723
80,normal,LAD,0.21086708916890454,137.217572569357,113.18573021748256
80,laplace,OLS,0.17969597532539866,122.45266751673641,101.25321336881446
80,laplace,LAD,0.16673682536642187,124.06383029040082,100.47219186545836
80,cauchy,OLS,2.3370398129366294,42681.30155824374,858.1568496612938
80,cauchy,LAD,0.35267210211098315,43481.57138220986,709.8038390946213
80,contaminated_normal,OLS,0.9506326336400732,3676.576399155617,334.04475020324486
80,contaminated_normal,LAD,0.13947734454920643,3772.0827119186674,305.2795131865279
81,normal,OLS,0.2124547873052053,162.72534834110104,117.48239024121601
81,normal,LAD,0.26108351777323047,163.22942142007614,117.1331417795943
81,laplace,OLS,0.21413856458503028,113.72568693111512,91.89723305953598
81,laplace,LAD,0.22103588875037736,115.00149599259122,91.20462037583428
81,cauchy,OLS,10.2477297196633,446093.05452191364,2038.6390925018777
81,cauchy,LAD,0.4174395383300403,462144.10349021066,1051.4364345859315
81,contaminated_normal,OLS,0.425445181061989,833.2195365537763,198.12028559891877
81,contaminated_normal,LAD,0.17413634297834968,872.55527703819,184.7258816798903
82,normal,OLS,0.13529065052935252,144.7176278964143,117.88991822504642
82,normal,LAD,0.09131809894107178,148.1153039848733,116.4976569622153
82,laplace,OLS,0.18967822712472848,205.57704727967663,110.35740472872689
82,laplace,LAD,0.13678140146790996,207.16519946831949,108.43613564070283
82,cauchy,OLS,0.7773503042218628,4241.218389393868,382.0347433037364
82,cauchy,LAD,0.35949515044631725,4310.418881008515,362.4449172957277
82,contaminated_normal,OLS,0.404311567649635,1976.923830991666,231.1817394542209
82,contaminated_normal,LAD,0.18644329483146552,1990.8001939938172,223.77944739037218
83,normal,OLS,0.28222499715643623,170.96791375533576,126.59458579233012
83,normal,LAD,0.21016411482067918,175.073508504562,124.43275798167923
83,laplace,OLS,0.0914988330410954,121.61325875257832,95.93232176370987
83,laplace,LAD,0.1143538237739663,121.9155660976645,95.66922329979755
83,cauchy,OLS,93.40824024213632,52958729.18873147,18735.80688057542
83,cauchy,LAD,0.21524259952626296,54281802.47633205,8313.947934449348
83,contaminated_normal,OLS,0.8542855967043128,1647.8786276399712,236.2271950418808
83,contaminated_normal,LAD,0.4609284306568613,1712.5239546171326,215.508192337744
84,normal,OLS,0.16778616429585677,129.97457018343044,114.59783472959805
84,normal,LAD,0.19925537242328709,131.2601089437166,114.12321202835287
84,laplace,OLS,0.13353111913824173,85.33186874277997,82.1929765641749
84,laplace,LAD,0.11823681908099215,86.95527521872806,81.11709074608527
84,cauchy,OLS,4.408625000484874,95743.98935366413,1151.3535905231279
84,cauchy,LAD,0.1885415398040973,98009.63443047706,865.8047391257458
84,contaminated_normal,OLS,0.4790017652329949,1311.2417825360642,212.1734085921537
84,contaminated_normal,LAD,0.17120600218620555,1338.9712715539176,201.18760415147406
85,normal,OLS,0.10304651355556356,154.80611599553598,121.66251341725936
85,normal,LAD,0.08758841428530724,155.47319386592238,121.14815517379341
85,laplace,OLS,0.18916137359139543,147.97415267657183,106.05018393729614
85,laplace,LAD,0.255526917500096,149.04904117745875,105.41012980848983
85,cauchy,OLS,3.1586494445284203,16299.109968564278,646.9162350805866
85,cauchy,LAD,0.38155612664862887,17344.767718319174,503.5701418045605
85,contaminated_normal,OLS,0.42121888700540483,1534.4292636150574,236.58345113450503
85,contaminated_normal,LAD,0.16566301418736756,1567.85141532691,225.94862037105054
86,normal,OLS,0.25255460037798055,127.53065004328033,109.15013630875563
86,normal,LAD,0.3491841849562407,130.43550071676057,108.42465645914872
86,laplace,OLS,0.12187902525905783,180.3480491998376,108.06241104141935
86,laplace,LAD,0.04622498724810358,182.46003673550715,106.30452207052966
86,cauchy,OLS,2.47904082770037,29787.839122520607,870.9582901122599
86,cauchy,LAD,0.42136112735532283,30602.710771075657,747.2495300517867
86,contaminated_normal,OLS,0.6332452669809804,1697.6845200025218,234.3637252290303
86,contaminated_normal,LAD,0.20895735137064655,1743.1278864020364,218.41563325197194
87,normal,OLS,0.10115353087309248,155.25695882978852,122.27611629395219
87,normal,LAD,0.16190625811885426,157.03898310397182,121.92971600889994
87,laplace,OLS,0.3368845105431711,181.83375175591794,124.15879783265171
87,laplace,LAD,0.1406681340608923,188.00327787975328,122.01339319974285
87,cauchy,OLS,1.0568604421617507,15576.263548009869,570.3245759579472
87,cauchy,LAD,0.612951031986958,15739.38238291705,530.8250711996054
87,contaminated_normal,OLS,0.5974814067943507,1166.6312579937899,204.86321941916458
87,contaminated_normal,LAD,0.27682884261878055,1203.1090261916108,191.36421046271005
88,normal,OLS,0.13449182498961068,145.43542402814344,117.65768350607237
88,normal,LAD,0.21289006295199686,146.78704125949764,117.35524954316168
88,laplace,OLS,0.10725154318657056,132.0482737475683,107.14569018032066
88,laplace,LAD,0.2340224820240192,135.84968659015874,104.94946896130092
88,cauchy,OLS,11.354968784409541,403663.499176485,2197.3285429659654
88,cauchy,LAD,0.36259902839201286,423903.113675632,1047.6591493162814
88,contaminated_normal,OLS,0.5588491725515121,1402.287267438046,226.42500248168108
88,contaminated_normal,LAD,0.2692889856830537,1458.2909724498159,215.28528077218562
89,normal,OLS,0.15284988176698527,135.6400662554069,114.53515682419516
89,normal,LAD,0.10738011589460228,136.3769596198604,114.18056630657316
89,laplace,OLS,0.14813566400189976,150.93823349588905,105.57497737698421
89,laplace,LAD,0.14529099804511844,151.73547404651197,104.6116216911174
89,cauchy,OLS,0.9096657394373945,6033.3726168904195,457.92775143426036
89,cauchy,LAD,0.43719807426489965,6128.250760724342,436.77069975739306
89,contaminated_normal,OLS,0.38035299120042826,1752.3851184724508,232.1067508842355
89,contaminated_normal,LAD,0.16869498972643307,1781.9085224152293,222.8722551080577
90,normal,OLS,0.2531075222145094,146.18562107792573,112.74535692382395
90,normal,LAD,0.31962387781910084,148.12050769128817,111.70607007594376
90,laplace,OLS,0.1187258390698669,173.41988626206998,118.21685757767798
90,laplace,LAD,0.06541000263064278,174.18533261275778,117.3051842803387
90,cauchy,OLS,3.1968651340892182,79587.65200569274,965.7614068484124
90,cauchy,LAD,0.24697801142651096,81259.89735939821,759.2197688388186
90,contaminated_normal,OLS,0.60968100993595,1745.8306774512841,249.43550298144427
90,contaminated_normal,LAD,0.16480877593448806,1788.0766690124067,232.19920688657015
91,normal,OLS,0.0826056138604305,153.43418048460452,125.00760420471329
91,normal,LAD,0.12541047153810636,158.00943908297552,124.43036831924402
91,laplace,OLS,0.15761168930061914,145.86838090211802,106.94711542798059
91,laplace,LAD,0.21082539821115254,146.48047819239684,106.62764651096501
91,cauchy,OLS,9.701712109136972,549841.1793436826,2146.3163355446304
91,cauchy,LAD,0.27027881218931665,562977.7020996792,1276.5613500972881
91,contaminated_normal,OLS,0.428266237669473,1790.9592741009576,250.03978517485837
91,contaminated_normal,LAD,0.2653723494427831,1831.430750906841,236.69188274112656
92,normal,OLS,0.11456940467408143,147.59647109361802,119.80272414414762
92,normal,LAD,0.15401417339777257,149.44554061339363,118.78220352337391
92,laplace,OLS,0.055789899475037485,103.20504850730751,95.95675080848794
92,laplace,LAD,0.07313503791073266,103.88138334094283,95.40194940317542
92,cauchy,OLS,4.302830174428926,96423.81536139712,1044.044031424076
92,cauchy,LAD,0.20188983803944077,98892.7563100908,727.1352498922204
92,contaminated_normal,OLS,0.6643973832257437,1096.4835250311241,221.87511873888377
92,contaminated_normal,LAD,0.20821918665948508,1142.4657881416397,210.99287703318657
93,normal,OLS,0.12461148819137087,139.7480752855346,117.1211949772961
93,normal,LAD,0.22523764359048737,141.93358050197207,116.38842859548575
93,laplace,OLS,0.1888333383731889,128.307776242471,100.25940007106817
93,laplace,LAD,0.10514805336262416,130.69061110083265,99.17167419097566
93,cauchy,OLS,2283.550571024715,29632362601.307114,417365.23930372763
93,cauchy,LAD,0.2855005519006232,30292346065.61136,174462.5046777064
93,contaminated_normal,OLS,0.3068346362816232,708.5603745872007,183.46523830461226
93,contaminated_normal,LAD,0.07797486076465908,725.053296683718,177.4500695873615
94,normal,OLS,0.10415676323351059,153.9518430707005,118.67612968900458
94,normal,LAD,0.0753383709517596,155.48653577161093,117.32946711575866
94,laplace,OLS,0.17520626143980855,133.5148602073636,105.51896620141295
94,laplace,LAD,0.13112590759008258,135.58339128906454,104.67173408518934
94,cauchy,OLS,3.198918041050884,80843.9682448628,914.6611234013085
94,cauchy,LAD,0.43548472438256597,82555.0942512362,710.5159815168165
94,contaminated_normal,OLS,0.6405406025350578,934.7434378673762,208.92676314614806
94,contaminated_normal,LAD,0.19207444905484347,978.4689178169855,192.15290845584224
95,normal,OLS,0.174141283447025,160.16948288251652,123.21715901308494
95,normal,LAD,0.1983633375835705,161.7917004771429,122.64809927017438
95,laplace,OLS,0.13605871998614308,111.42466750823753,91.82693362622203
95,laplace,LAD,0.14587899074962574,111.61530940313165,91.56054849658119
95,cauchy,OLS,1.7817505874854622,59520.08847435221,812.5032754782725
95,cauchy,LAD,0.3318157730173708,60024.62961830335,684.4710207405703
95,contaminated_normal,OLS,0.5341012089876918,1004.8095303105557,212.94980175142058
95,contaminated_normal,LAD,0.37599302212820834,1021.9239916258285,207.13463925455267
96,normal,OLS,0.08102277163948135,138.82221835422638,119.62197256234296
96,normal,LAD,0.12347203613624053,141.13407947182247,119.34909179467323
96,laplace,OLS,0.14530060211599985,220.83421796129878,130.5447098659146
96,laplace,LAD,0.12975071904104768,222.44011355462126,129.37685934340237
96,cauchy,OLS,35.39537578586712,4979359.432590733,7100.724870451932
96,cauchy,LAD,0.14473204292567549,5158745.954456431,3465.652308079028
96,contaminated_normal,OLS,0.4383514778511284,2305.2813550159044,260.4812096094132
96,contaminated_normal,LAD,0.11235961654973987,2329.7189202048157,251.4064337220001
97,normal,OLS,0.17350462895878002,140.87041393770758,115.42661433139315
97,normal,LAD,0.35128096439571455,148.8521150510913,113.29781239296943
97,laplace,OLS,0.2090049767068112,136.99495478635015,106.24633153642648
97,laplace,LAD,0.10336664112953275,139.09379173067197,105.12148633623926
97,cauchy,OLS,4.51532823233524,226564.9732280271,1205.6496037956117
97,cauchy,LAD,0.22600082471680497,229575.73928359506,916.1054483177603
97,contaminated_normal,OLS,0.2711924417187102,1392.2262058061722,222.0726625068001
97,contaminated_normal,LAD,0.3241517621963879,1396.215155507733,219.8026811929845
98,normal,OLS,0.16050180632394095,133.91228331642708,111.857833634436
98,normal,LAD,0.22801454174081678,134.67259462044228,111.42100086487142
98,laplace,OLS,0.16349935430727458,142.10204723097027,101.13884518092584
98,laplace,LAD,0.09267372439206843,144.09690321804234,98.7748584552451
98,cauchy,OLS,8.243578213456214,235364.08424292933,1589.7985954161607
98,cauchy,LAD,0.1512826448535686,245104.42056202044,916.8427603584664
98,contaminated_normal,OLS,0.6668972947944226,982.0942096959379,208.99271070267693
98,contaminated_normal,LAD,0.40630595692834093,1012.9629882512675,197.27261454486342
99,normal,OLS,0.2112061251599146,142.58828310216802,120.04351039037445
99,normal,LAD,0.24258006832930518,143.6089491127945,119.38126791921073
99,laplace,OLS,0.2159073036246311,124.24694961126562,104.01986949350925
99,laplace,LAD,0.08894519448979753,130.28035719855845,102.04634295024894
99,cauchy,OLS,0.45473766533289384,4599.810810337354,343.08759607442005
99,cauchy,LAD,0.26621773690504225,4616.51772581158,338.07373343528093
99,contaminated_normal,OLS,0.4006940644363202,492.9393920516972,155.55651091949161
99,contaminated_normal,LAD,0.22472718250013363,499.93353596751666,152.47610176279971
